player_name_normalized,ts,game_id,team,opponent,at_bats,hits,total_bases,runs,rbis,home_runs,walks,strikeouts,plate_appearances,pitcher_strikeouts,pitcher_walks,earned_runs,pitcher_outs
aaron ashby,2026-05-06T17:15:00.000Z,5058312,,,,,,,,,,,,1,1,0,
aaron judge,2026-05-06T23:05:00.000Z,5058322,,,4,1,4,1,1,1,0,2,4,,,,
abner uribe,2026-05-06T17:15:00.000Z,5058312,,,,,,,,,,,,0,0,1,
adley rutschman,2026-05-06T22:40:00.000Z,5058319,,,3,2,4,1,2,0,1,0,5,,,,
adley rutschman,2026-05-06T22:40:00.000Z,5058319,,,3,2,4,1,2,0,1,0,5,,,,
adolis garcia,2026-05-06T22:40:00.000Z,5058318,,,4,2,5,2,1,1,0,1,4,,,,
adrian del castillo,2026-05-06T01:40:00.000Z,5058309,,,4,1,1,0,2,0,0,1,5,,,,
adrian houser,2026-05-06T19:45:00.000Z,5058315,,,,,,,,,,,,3,1,1,
adrian morejon,2026-05-06T19:45:00.000Z,5058315,,,,,,,,,,,,4,0,0,
alec bohm,2026-05-06T22:40:00.000Z,5058318,,,2,0,0,0,0,0,0,0,2,,,,
alec burleson,2026-05-06T17:15:00.000Z,5058312,,,4,1,1,0,1,0,0,1,4,,,,
alejandro osuna,2026-05-06T23:05:00.000Z,5058322,,,3,1,1,0,0,0,1,1,4,,,,
alejandro osuna,2026-05-06T23:05:00.000Z,5058322,,,3,1,1,0,0,0,1,1,4,,,,
alek thomas,2026-05-06T01:40:00.000Z,5058309,,,3,1,2,2,0,0,0,1,4,,,,
alex bregman,2026-05-06T23:40:00.000Z,5058323,,,4,1,1,1,0,0,1,2,5,,,,
alex call,2026-05-06T18:10:00.000Z,5058313,,,2,0,0,0,0,0,0,0,2,,,,
alex call,2026-05-06T00:10:00.000Z,5058305,,,1,1,2,1,0,0,0,0,1,,,,
alex freeland,2026-05-06T18:10:00.000Z,5058313,,,4,1,1,1,1,0,1,1,5,,,,
alex freeland,2026-05-06T00:10:00.000Z,5058305,,,1,0,0,0,0,0,2,0,3,,,,
alex lange,2026-05-06T23:40:00.000Z,5058324,,,,,,,,,,,,0,1,1,
alex vesia,2026-05-06T00:10:00.000Z,5058305,,,,,,,,,,,,1,0,0,
andre pallante,2026-05-06T17:15:00.000Z,5058312,,,,,,,,,,,,3,2,5,
andres gimenez,2026-05-06T17:10:00.000Z,5058311,,,1,0,0,0,0,0,0,0,1,,,,
andres munoz,2026-05-06T01:40:00.000Z,5058308,,,,,,,,,,,,2,1,1,
andrew benintendi,2026-05-06T20:07:00.000Z,5058316,,,2,0,0,0,1,0,1,1,4,,,,
andrew benintendi,2026-05-06T01:38:00.000Z,5058307,,,4,2,2,0,0,0,0,1,4,,,,
andrew mccutchen,2026-05-06T23:05:00.000Z,5058322,,,3,1,1,1,0,0,1,1,4,,,,
andrew morris,2026-05-06T22:45:00.000Z,5058321,,,,,,,,,,,,1,0,1,
andrew vaughn,2026-05-06T17:15:00.000Z,5058312,,,4,2,5,1,3,1,0,0,4,,,,
andy pages,2026-05-06T18:10:00.000Z,5058313,,,5,3,12,3,6,3,0,0,5,,,,
andy pages,2026-05-06T00:10:00.000Z,5058305,,,4,3,3,0,0,0,0,0,4,,,,
angel martinez,2026-05-06T23:40:00.000Z,5058324,,,4,1,1,0,0,0,1,2,5,,,,
anthony nunez,2026-05-06T22:40:00.000Z,5058319,,,,,,,,,,,,1,0,0,
austin hedges,2026-05-06T23:40:00.000Z,5058324,,,3,1,1,1,0,0,1,0,4,,,,
austin riley,2026-05-06T20:10:00.000Z,5058317,,,3,0,0,0,0,0,0,2,3,,,,
austin riley,2026-05-06T01:40:00.000Z,5058308,,,4,0,0,0,0,0,0,2,4,,,,
austin wells,2026-05-06T23:05:00.000Z,5058322,,,3,1,1,0,0,0,0,1,3,,,,
bailey ober,2026-05-06T22:45:00.000Z,5058321,,,,,,,,,,,,3,2,5,
ben williamson,2026-05-06T17:10:00.000Z,5058311,,,3,0,0,0,0,0,1,1,4,,,,
billy cook,2026-05-06T01:40:00.000Z,5058309,,,1,0,0,0,0,0,0,1,1,,,,
blake dunn,2026-05-06T23:40:00.000Z,5058323,,,0,0,,0,0,0,0,0,,,,,
blake treinen,2026-05-06T18:10:00.000Z,5058313,,,,,,,,,,,,0,0,1,
blaze alexander,2026-05-06T22:40:00.000Z,5058319,,,1,1,3,0,1,0,0,0,1,,,,
bobby witt jr,2026-05-06T23:40:00.000Z,5058324,,,4,0,0,1,0,0,0,1,4,,,,
brad keller,2026-05-06T22:40:00.000Z,5058318,,,,,,,,,,,,1,2,0,
braden shewmake,2026-05-06T18:10:00.000Z,5058313,,,3,1,1,0,0,0,0,0,3,,,,
braden shewmake,2026-05-06T18:10:00.000Z,5058313,,,3,1,1,0,0,0,0,0,3,,,,
braden shewmake,2026-05-06T00:10:00.000Z,5058305,,,3,2,5,1,1,1,0,0,3,,,,
braden shewmake,2026-05-06T00:10:00.000Z,5058305,,,3,2,5,1,1,1,0,0,3,,,,
bradgley rodriguez,2026-05-06T19:45:00.000Z,5058315,,,,,,,,,,,,0,0,0,
brady house,2026-05-06T22:45:00.000Z,5058321,,,5,2,6,2,3,1,0,0,5,,,,
brady singer,2026-05-06T23:40:00.000Z,5058323,,,,,,,,,,,,6,1,4,
brandon lockridge,2026-05-06T17:15:00.000Z,5058312,,,1,0,0,0,0,0,0,0,1,,,,
brandon marsh,2026-05-06T22:40:00.000Z,5058318,,,4,3,5,1,1,0,0,0,4,,,,
brandon nimmo,2026-05-06T23:05:00.000Z,5058322,,,3,0,0,1,0,0,2,1,5,,,,
brandon sproat,2026-05-06T17:15:00.000Z,5058312,,,,,,,,,,,,5,3,0,
brandon valenzuela,2026-05-06T17:10:00.000Z,5058311,,,0,0,,0,0,0,0,0,,,,,
brandon young,2026-05-06T22:40:00.000Z,5058319,,,,,,,,,,,,5,3,3,
brandyn garcia,2026-05-06T01:40:00.000Z,5058309,,,,,,,,,,,,2,0,0,
brant hurter,2026-05-06T22:40:00.000Z,5058320,,,,,,,,,,,,1,0,0,
brayan rocchio,2026-05-06T23:40:00.000Z,5058324,,,3,0,0,0,0,0,1,0,4,,,,
braydon fisher,2026-05-06T17:10:00.000Z,5058311,,,,,,,,,,,,2,1,0,
brent rooker,2026-05-06T22:40:00.000Z,5058318,,,3,1,2,0,0,0,1,2,4,,,,
brent suter,2026-05-06T20:07:00.000Z,5058316,,,,,,,,,,,,0,2,1,
brett harris,2026-05-06T22:40:00.000Z,5058318,,,0,0,,0,0,0,0,0,,,,,
brice matthews,2026-05-06T18:10:00.000Z,5058313,,,4,1,4,1,1,1,0,2,4,,,,
brice matthews,2026-05-06T00:10:00.000Z,5058305,,,0,0,,0,0,0,0,0,,,,,
brice turang,2026-05-06T17:15:00.000Z,5058312,,,3,1,1,1,0,0,2,1,5,,,,
brock burke,2026-05-06T23:40:00.000Z,5058323,,,,,,,,,,,,1,3,0,
brock stewart,2026-05-06T18:10:00.000Z,5058313,,,,,,,,,,,,2,0,0,
brooks lee,2026-05-06T22:45:00.000Z,5058321,,,4,0,0,0,0,0,0,0,4,,,,
bryan baker,2026-05-06T17:10:00.000Z,5058311,,,,,,,,,,,,1,0,0,
bryan hudson,2026-05-06T01:38:00.000Z,5058307,,,,,,,,,,,,0,0,0,
bryan king,2026-05-06T00:10:00.000Z,5058305,,,,,,,,,,,,2,0,1,
bryan reynolds,2026-05-06T01:40:00.000Z,5058309,,,3,0,0,0,0,0,1,1,4,,,,
bryan woo,2026-05-06T20:10:00.000Z,5058317,,,,,,,,,,,,9,2,0,
bryce elder,2026-05-06T01:40:00.000Z,5058308,,,,,,,,,,,,9,3,2,
bryce eldridge,2026-05-06T19:45:00.000Z,5058315,,,3,0,0,0,0,0,0,3,3,,,,
bryce eldridge,2026-05-06T01:45:00.000Z,5058310,,,4,1,1,0,0,0,0,0,4,,,,
bryce harper,2026-05-06T22:40:00.000Z,5058318,,,4,0,0,1,0,0,0,0,4,,,,
bryce johnson,2026-05-06T01:45:00.000Z,5058310,,,1,0,0,0,0,0,0,0,1,,,,
bryce teodosio,2026-05-06T20:07:00.000Z,5058316,,,3,2,3,2,0,0,1,0,4,,,,
bryce teodosio,2026-05-06T01:38:00.000Z,5058307,,,0,0,,0,0,0,0,0,,,,,
bryson stott,2026-05-06T22:40:00.000Z,5058318,,,2,1,1,0,0,0,0,1,2,,,,
bubba chandler,2026-05-06T01:40:00.000Z,5058309,,,,,,,,,,,,4,6,2,
burch smith,2026-05-06T22:40:00.000Z,5058320,,,,,,,,,,,,1,1,0,
burch smith,2026-05-06T22:40:00.000Z,5058320,,,,,,,,,,,,1,1,0,
byron buxton,2026-05-06T22:45:00.000Z,5058321,,,3,0,0,0,0,0,0,1,3,,,,
cade smith,2026-05-06T23:40:00.000Z,5058324,,,,,,,,,,,,3,0,0,
cal raleigh,2026-05-06T20:10:00.000Z,5058317,,,4,0,0,0,0,0,0,2,4,,,,
cal raleigh,2026-05-06T01:40:00.000Z,5058308,,,4,0,0,0,0,0,0,3,4,,,,
caleb durbin,2026-05-06T22:40:00.000Z,5058320,,,4,1,2,0,1,0,0,1,4,,,,
cam smith,2026-05-06T18:10:00.000Z,5058313,,,3,0,0,0,0,0,0,1,3,,,,
cam smith,2026-05-06T00:10:00.000Z,5058305,,,3,0,0,0,0,0,0,0,3,,,,
carlos cortes,2026-05-06T22:40:00.000Z,5058318,,,3,0,0,0,0,0,0,0,3,,,,
carlos narvaez,2026-05-06T22:40:00.000Z,5058320,,,2,0,0,1,0,0,1,0,4,,,,
carson kelly,2026-05-06T23:40:00.000Z,5058323,,,4,1,1,1,0,0,0,1,4,,,,
casey schmitt,2026-05-06T19:45:00.000Z,5058315,,,4,0,0,0,0,0,0,2,4,,,,
casey schmitt,2026-05-06T01:45:00.000Z,5058310,,,4,1,4,1,2,1,0,1,4,,,,
ceddanne rafaela,2026-05-06T22:40:00.000Z,5058320,,,2,0,0,1,0,0,2,1,4,,,,
cedric mullins,2026-05-06T17:10:00.000Z,5058311,,,1,1,1,1,0,0,0,0,1,,,,
cesar prieto,2026-05-06T17:15:00.000Z,5058312,,,1,0,0,0,0,0,0,0,1,,,,
cesar salazar,2026-05-06T18:10:00.000Z,5058313,,,3,0,0,0,0,0,0,0,3,0,0,1,
chandler simpson,2026-05-06T17:10:00.000Z,5058311,,,4,1,1,0,1,0,0,0,4,,,,
chase delauter,2026-05-06T23:40:00.000Z,5058324,,,4,2,3,0,2,0,0,1,4,,,,
chase meidroth,2026-05-06T20:07:00.000Z,5058316,,,3,2,2,1,0,0,1,1,4,,,,
chase meidroth,2026-05-06T01:38:00.000Z,5058307,,,5,2,5,2,1,1,0,2,5,,,,
chase silseth,2026-05-06T20:07:00.000Z,5058316,,,,,,,,,,,,4,0,0,
christian koss,2026-05-06T01:45:00.000Z,5058310,,,1,0,0,0,0,0,0,1,1,,,,
christian vazquez,2026-05-06T18:10:00.000Z,5058313,,,1,0,0,0,0,0,0,1,1,,,,
christian vazquez,2026-05-06T00:10:00.000Z,5058305,,,3,0,0,0,0,0,0,1,3,,,,
christian walker,2026-05-06T18:10:00.000Z,5058313,,,4,1,1,1,0,0,0,1,4,,,,
christian walker,2026-05-06T00:10:00.000Z,5058305,,,3,1,4,1,1,1,0,1,3,,,,
christopher morel,2026-05-06T22:40:00.000Z,5058319,,,3,0,0,0,0,0,1,1,4,,,,
cj abrams,2026-05-06T22:45:00.000Z,5058321,,,5,3,8,2,5,1,0,0,5,,,,
coby mayo,2026-05-06T22:40:00.000Z,5058319,,,3,0,0,0,0,0,0,2,3,,,,
cody bellinger,2026-05-06T23:05:00.000Z,5058322,,,3,1,1,0,0,0,1,0,4,,,,
colby thomas,2026-05-06T22:40:00.000Z,5058318,,,1,0,0,0,0,0,0,0,1,,,,
colby thomas,2026-05-06T22:40:00.000Z,5058318,,,1,0,0,0,0,0,0,0,1,,,,
cole ragans,2026-05-06T23:40:00.000Z,5058324,,,,,,,,,,,,4,2,0,
cole young,2026-05-06T20:10:00.000Z,5058317,,,4,3,5,0,1,0,0,1,4,,,,
cole young,2026-05-06T01:40:00.000Z,5058308,,,2,0,0,0,0,0,1,2,3,,,,
colin rea,2026-05-06T23:40:00.000Z,5058323,,,,,,,,,,,,5,3,1,
colson montgomery,2026-05-06T20:07:00.000Z,5058316,,,4,1,2,1,0,0,0,2,4,,,,
colson montgomery,2026-05-06T01:38:00.000Z,5058307,,,4,1,2,0,0,0,1,1,5,,,,
colt keith,2026-05-06T22:40:00.000Z,5058320,,,3,1,1,0,0,0,1,0,4,,,,
colton cowser,2026-05-06T22:40:00.000Z,5058319,,,0,0,,0,0,0,0,0,,,,,
connor joe,2026-05-06T20:10:00.000Z,5058317,,,4,0,0,0,0,0,0,1,4,,,,
connor norby,2026-05-06T22:40:00.000Z,5058319,,,3,0,0,1,0,0,1,3,4,,,,
cooper criswell,2026-05-06T20:10:00.000Z,5058317,,,,,,,,,,,,1,0,0,
corbin carroll,2026-05-06T01:40:00.000Z,5058309,,,3,0,0,1,1,0,1,1,5,,,,
corbin martin,2026-05-06T23:40:00.000Z,5058323,,,,,,,,,,,,0,0,3,
corbin martin,2026-05-06T23:40:00.000Z,5058323,,,,,,,,,,,,0,0,3,
corey seager,2026-05-06T23:05:00.000Z,5058322,,,5,2,5,1,2,1,0,2,5,,,,
curtis mead,2026-05-06T22:45:00.000Z,5058321,,,3,0,0,1,0,0,2,2,5,,,,
dalton rushing,2026-05-06T18:10:00.000Z,5058313,,,5,2,2,1,0,0,0,0,5,,,,
dalton rushing,2026-05-06T00:10:00.000Z,5058305,,,3,0,0,0,0,0,0,1,3,,,,
dane myers,2026-05-06T23:40:00.000Z,5058323,,,1,0,0,0,0,0,0,1,1,,,,
daniel schneemann,2026-05-06T23:40:00.000Z,5058324,,,3,1,2,0,0,0,1,1,4,,,,
dansby swanson,2026-05-06T23:40:00.000Z,5058323,,,4,1,1,0,0,0,0,1,4,,,,
darell hernaiz,2026-05-06T22:40:00.000Z,5058318,,,0,0,,0,0,0,0,0,,,,,
daulton varsho,2026-05-06T17:10:00.000Z,5058311,,,2,1,1,0,0,0,0,0,2,,,,
david fry,2026-05-06T23:40:00.000Z,5058324,,,4,0,0,0,1,0,0,1,4,,,,
david hamilton,2026-05-06T17:15:00.000Z,5058312,,,4,1,1,0,0,0,0,1,4,,,,
davis schneider,2026-05-06T17:10:00.000Z,5058311,,,2,0,0,0,0,0,0,1,2,,,,
dax fulton,2026-05-06T22:40:00.000Z,5058319,,,,,,,,,,,,3,2,2,
daylen lile,2026-05-06T22:45:00.000Z,5058321,,,3,0,0,2,0,0,2,1,5,,,,
dennis santana,2026-05-06T01:40:00.000Z,5058309,,,,,,,,,,,,0,0,2,
derek hill,2026-05-06T20:07:00.000Z,5058316,,,1,0,0,0,0,0,0,0,1,,,,
derek hill,2026-05-06T01:38:00.000Z,5058307,,,3,0,0,0,0,0,0,0,3,,,,
didier fuentes,2026-05-06T20:10:00.000Z,5058317,,,0,0,0,0,0,0,0,0,0,4,1,1,
didier fuentes,2026-05-06T20:10:00.000Z,5058317,,,0,0,0,0,0,0,0,0,0,4,1,1,
dillon dingler,2026-05-06T22:40:00.000Z,5058320,,,4,0,0,0,0,0,0,1,4,,,,
dl hall,2026-05-06T17:15:00.000Z,5058312,,,,,,,,,,,,1,0,0,
dominic canzone,2026-05-06T20:10:00.000Z,5058317,,,1,0,0,0,0,0,0,0,1,,,,
dominic canzone,2026-05-06T01:40:00.000Z,5058308,,,1,0,0,0,0,0,0,0,1,,,,
dominic smith,2026-05-06T20:10:00.000Z,5058317,,,0,0,0,0,1,0,0,0,1,,,,
dominic smith,2026-05-06T01:40:00.000Z,5058308,,,4,0,0,0,0,0,0,2,4,,,,
drake baldwin,2026-05-06T20:10:00.000Z,5058317,,,4,1,1,0,0,0,0,2,4,,,,
drake baldwin,2026-05-06T01:40:00.000Z,5058308,,,4,0,0,0,0,0,0,1,4,,,,
drew anderson,2026-05-06T22:40:00.000Z,5058320,,,,,,,,,,,,3,3,0,
drew gilbert,2026-05-06T01:45:00.000Z,5058310,,,3,1,1,1,0,0,0,1,3,,,,
drew gilbert,2026-05-06T01:45:00.000Z,5058310,,,3,1,1,1,0,0,0,1,3,,,,
drew millas,2026-05-06T22:45:00.000Z,5058321,,,4,2,6,2,2,1,0,1,4,,,,
drew pomeranz,2026-05-06T20:07:00.000Z,5058316,,,,,,,,,,,,1,0,0,
drew pomeranz,2026-05-06T01:38:00.000Z,5058307,,,,,,,,,,,,1,0,0,
drew romo,2026-05-06T20:07:00.000Z,5058316,,,2,0,0,0,0,0,2,0,4,,,,
dylan beavers,2026-05-06T22:40:00.000Z,5058319,,,2,1,2,0,1,0,1,1,3,,,,
dylan lee,2026-05-06T01:40:00.000Z,5058308,,,,,,,,,,,,3,0,0,
edgar quero,2026-05-06T01:38:00.000Z,5058307,,,4,0,0,0,1,0,0,2,5,,,,
edgardo henriquez,2026-05-06T18:10:00.000Z,5058313,,,,,,,,,,,,1,0,0,
edmundo sosa,2026-05-06T22:40:00.000Z,5058318,,,4,2,2,1,2,0,0,1,4,,,,
eduard bazardo,2026-05-06T20:10:00.000Z,5058317,,,,,,,,,,,,1,0,1,
eduardo rodriguez,2026-05-06T01:40:00.000Z,5058309,,,,,,,,,,,,7,3,0,
eli white,2026-05-06T20:10:00.000Z,5058317,,,0,0,,0,0,0,0,0,,,,,
eli white,2026-05-06T01:40:00.000Z,5058308,,,0,0,,0,0,0,0,0,,,,,
elias diaz,2026-05-06T23:40:00.000Z,5058324,,,3,0,0,0,0,0,0,0,3,,,,
elias diaz,2026-05-06T23:40:00.000Z,5058324,,,3,0,0,0,0,0,0,0,3,,,,
elly de la cruz,2026-05-06T23:40:00.000Z,5058323,,,4,0,0,0,3,0,0,2,5,,,,
enyel de los santos,2026-05-06T18:10:00.000Z,5058313,,,,,,,,,,,,0,0,0,
eric cerantola,2026-05-06T23:40:00.000Z,5058324,,,,,,,,,,,,2,1,0,
erick fedde,2026-05-06T01:38:00.000Z,5058307,,,,,,,,,,,,2,2,4,
erik sabrowski,2026-05-06T23:40:00.000Z,5058324,,,,,,,,,,,,2,1,0,
ernie clement,2026-05-06T17:10:00.000Z,5058311,,,4,0,0,0,0,0,0,0,4,,,,
eury perez,2026-05-06T22:40:00.000Z,5058319,,,,,,,,,,,,6,5,5,
evan carter,2026-05-06T23:05:00.000Z,5058322,,,4,1,4,1,2,1,0,2,4,,,,
evan sisk,2026-05-06T01:40:00.000Z,5058309,,,,,,,,,,,,0,0,0,
ezequiel duran,2026-05-06T23:05:00.000Z,5058322,,,3,1,2,1,2,0,1,1,5,,,,
felix reyes,2026-05-06T22:40:00.000Z,5058318,,,2,0,0,0,1,0,0,0,2,,,,
felix reyes,2026-05-06T22:40:00.000Z,5058318,,,2,0,0,0,1,0,0,0,2,,,,
fernando tatis jr,2026-05-06T19:45:00.000Z,5058315,,,4,0,0,1,0,0,0,0,4,,,,
fernando tatis jr,2026-05-06T01:45:00.000Z,5058310,,,5,1,2,1,0,0,0,1,5,,,,
freddie freeman,2026-05-06T18:10:00.000Z,5058313,,,2,1,2,1,1,0,2,0,4,,,,
freddie freeman,2026-05-06T00:10:00.000Z,5058305,,,4,1,2,0,0,0,0,1,4,,,,
freddy fermin,2026-05-06T19:45:00.000Z,5058315,,,4,0,0,0,0,0,0,0,4,,,,
gabriel moreno,2026-05-06T01:40:00.000Z,5058309,,,4,2,3,1,1,0,0,0,4,,,,
garrett cleavinger,2026-05-06T17:10:00.000Z,5058311,,,,,,,,,,,,1,0,0,
gavin sheets,2026-05-06T19:45:00.000Z,5058315,,,3,1,4,1,1,1,0,0,3,,,,
gavin sheets,2026-05-06T01:45:00.000Z,5058310,,,5,2,2,1,0,0,0,0,5,,,,
george kirby,2026-05-06T01:40:00.000Z,5058308,,,,,,,,,,,,5,1,2,
george springer,2026-05-06T17:10:00.000Z,5058311,,,4,0,0,0,0,0,0,1,4,,,,
geraldo perdomo,2026-05-06T01:40:00.000Z,5058309,,,4,1,2,1,2,0,1,1,5,,,,
graham ashcraft,2026-05-06T23:40:00.000Z,5058323,,,,,,,,,,,,1,0,2,
grant taylor,2026-05-06T20:07:00.000Z,5058316,,,,,,,,,,,,1,1,0,
grant wolfram,2026-05-06T22:40:00.000Z,5058319,,,,,,,,,,,,0,0,1,
greg weissert,2026-05-06T22:40:00.000Z,5058320,,,,,,,,,,,,0,0,0,
gregory santos,2026-05-06T01:45:00.000Z,5058310,,,,,,,,,,,,0,0,2,
gunnar henderson,2026-05-06T22:40:00.000Z,5058319,,,5,0,0,0,0,0,0,3,5,,,,
heliot ramos,2026-05-06T19:45:00.000Z,5058315,,,4,0,0,0,0,0,0,3,4,,,,
heliot ramos,2026-05-06T01:45:00.000Z,5058310,,,4,0,0,0,0,0,0,2,4,,,,
hoby milner,2026-05-06T23:40:00.000Z,5058323,,,,,,,,,,,,1,1,1,
hogan harris,2026-05-06T22:40:00.000Z,5058318,,,,,,,,,,,,0,0,0,
hunter gaddis,2026-05-06T23:40:00.000Z,5058324,,,,,,,,,,,,0,1,0,
hyeseong kim,2026-05-06T18:10:00.000Z,5058313,,,5,2,4,1,0,0,0,1,5,,,,
ian happ,2026-05-06T23:40:00.000Z,5058323,,,5,3,6,2,2,1,0,1,5,,,,
ian seymour,2026-05-06T17:10:00.000Z,5058311,,,,,,,,,,,,1,0,0,
ildemaro vargas,2026-05-06T01:40:00.000Z,5058309,,,5,1,2,0,1,0,0,0,5,,,,
isaac collins,2026-05-06T23:40:00.000Z,5058324,,,4,0,,0,0,0,0,2,,,,,
isaac paredes,2026-05-06T18:10:00.000Z,5058313,,,2,1,1,0,0,0,0,1,2,,,,
isaac paredes,2026-05-06T00:10:00.000Z,5058305,,,2,0,0,0,0,0,0,1,3,,,,
ivan herrera,2026-05-06T17:15:00.000Z,5058312,,,4,1,2,0,0,0,0,2,4,,,,
jac caglianone,2026-05-06T23:40:00.000Z,5058324,,,1,0,0,0,0,0,0,0,1,,,,
jace jung,2026-05-06T22:40:00.000Z,5058320,,,2,0,0,0,0,0,0,0,2,,,,
jack dreyer,2026-05-06T18:10:00.000Z,5058313,,,,,,,,,,,,1,0,0,
jack flaherty,2026-05-06T22:40:00.000Z,5058320,,,,,,,,,,,,10,1,2,
jack perkins,2026-05-06T22:40:00.000Z,5058318,,,,,,,,,,,,2,1,2,
jackson chourio,2026-05-06T17:15:00.000Z,5058312,,,5,2,3,0,1,0,0,1,5,,,,
jackson merrill,2026-05-06T19:45:00.000Z,5058315,,,4,1,2,0,0,0,1,0,5,,,,
jackson merrill,2026-05-06T01:45:00.000Z,5058310,,,5,3,4,2,2,0,0,2,5,,,,
jacob latz,2026-05-06T23:05:00.000Z,5058322,,,,,,,,,,,,1,1,0,
jacob webb,2026-05-06T23:40:00.000Z,5058323,,,,,,,,,,,,1,0,0,
jacob wilson,2026-05-06T22:40:00.000Z,5058318,,,5,1,1,0,1,0,0,1,5,,,,
jacob young,2026-05-06T22:45:00.000Z,5058321,,,5,2,2,2,0,0,0,0,5,,,,
jahmai jones,2026-05-06T22:40:00.000Z,5058320,,,2,0,0,0,0,0,0,1,2,,,,
jake bauers,2026-05-06T17:15:00.000Z,5058312,,,3,2,2,1,1,0,1,0,4,,,,
jake burger,2026-05-06T23:05:00.000Z,5058322,,,4,2,2,1,0,0,0,0,4,,,,
jake mangum,2026-05-06T01:40:00.000Z,5058309,,,3,0,0,0,0,0,0,1,3,,,,
jakob marsee,2026-05-06T22:40:00.000Z,5058319,,,4,1,2,1,2,0,0,0,4,,,,
james jarvis,2026-05-06T20:10:00.000Z,5058317,,,2,0,0,0,0,0,0,1,2,,,,
james outman,2026-05-06T22:45:00.000Z,5058321,,,1,0,0,0,0,0,0,0,1,,,,
james wood,2026-05-06T22:45:00.000Z,5058321,,,4,2,2,2,2,0,1,2,5,,,,
jared shuster,2026-05-06T17:15:00.000Z,5058312,,,,,,,,,,,,1,0,0,
jared triolo,2026-05-06T01:40:00.000Z,5058309,,,3,1,2,0,0,0,0,0,3,,,,
jarred kelenic,2026-05-06T20:07:00.000Z,5058316,,,1,0,0,0,0,0,1,0,2,,,,
jarred kelenic,2026-05-06T01:38:00.000Z,5058307,,,2,0,0,0,0,0,1,2,3,,,,
jarren duran,2026-05-06T22:40:00.000Z,5058320,,,3,0,0,0,0,0,2,2,5,,,,
jason adam,2026-05-06T01:45:00.000Z,5058310,,,,,,,,,,,,0,0,0,
jason alexander,2026-05-06T18:10:00.000Z,5058313,,,,,,,,,,,,5,2,5,
jasson dominguez,2026-05-06T23:05:00.000Z,5058322,,,4,0,0,0,0,0,0,1,4,,,,
javier sanoja,2026-05-06T22:40:00.000Z,5058319,,,4,1,1,0,0,0,0,1,4,,,,
jazz chisholm jr,2026-05-06T23:05:00.000Z,5058322,,,3,0,0,0,0,0,0,1,3,,,,
jeff mcneil,2026-05-06T22:40:00.000Z,5058318,,,4,1,1,0,0,0,0,0,4,,,,
jeffrey springs,2026-05-06T22:40:00.000Z,5058318,,,,,,,,,,,,4,0,2,
jeremiah estrada,2026-05-06T01:45:00.000Z,5058310,,,,,,,,,,,,2,0,1,
jeremiah jackson,2026-05-06T22:40:00.000Z,5058319,,,4,0,0,0,0,0,0,0,4,,,,
jesus rodriguez,2026-05-06T19:45:00.000Z,5058315,,,3,2,2,0,0,0,0,0,3,,,,
jesus rodriguez,2026-05-06T01:45:00.000Z,5058310,,,3,2,5,1,2,1,0,0,3,,,,
jesus sanchez,2026-05-06T17:10:00.000Z,5058311,,,1,0,0,0,0,0,0,1,1,,,,
jhonny pereda,2026-05-06T20:10:00.000Z,5058317,,,2,2,2,1,0,0,0,0,2,,,,
jj bleday,2026-05-06T23:40:00.000Z,5058323,,,5,2,2,0,1,0,0,2,5,,,,
jj wetherholt,2026-05-06T17:15:00.000Z,5058312,,,4,0,0,0,0,0,0,1,4,,,,
jo adell,2026-05-06T20:07:00.000Z,5058316,,,3,0,0,0,1,0,0,3,4,,,,
jo adell,2026-05-06T01:38:00.000Z,5058307,,,3,0,0,0,0,0,0,0,3,,,,
joe mack,2026-05-06T22:40:00.000Z,5058319,,,2,0,0,0,0,0,0,0,2,,,,
joel peguero,2026-05-06T19:45:00.000Z,5058315,,,,,,,,,,,,1,0,0,
joel peguero,2026-05-06T01:45:00.000Z,5058310,,,,,,,,,,,,0,0,0,
joey bart,2026-05-06T01:40:00.000Z,5058309,,,3,0,0,0,0,0,0,1,3,,,,
joey cantillo,2026-05-06T23:40:00.000Z,5058324,,,,,,,,,,,,1,3,1,
joey ortiz,2026-05-06T17:15:00.000Z,5058312,,,4,1,1,1,0,0,0,2,4,,,,
john schreiber,2026-05-06T23:40:00.000Z,5058324,,,,,,,,,,,,0,0,0,
jonah heim,2026-05-06T22:40:00.000Z,5058318,,,4,0,0,0,0,0,0,0,4,,,,
jonathan aranda,2026-05-06T17:10:00.000Z,5058311,,,1,0,0,1,0,0,2,0,4,,,,
jonathan loaisiga,2026-05-06T01:40:00.000Z,5058309,,,,,,,,,,,,0,0,0,
jonny deluca,2026-05-06T17:10:00.000Z,5058311,,,4,1,2,1,1,0,0,1,4,,,,
jordan hicks,2026-05-06T20:07:00.000Z,5058316,,,,,,,,,,,,1,1,0,
jordan leasure,2026-05-06T01:38:00.000Z,5058307,,,,,,,,,,,,2,0,0,
jordan walker,2026-05-06T17:15:00.000Z,5058312,,,2,0,0,0,0,0,2,0,4,,,,
jorge mateo,2026-05-06T20:10:00.000Z,5058317,,,0,0,,0,0,0,0,0,,,,,
jorge mateo,2026-05-06T01:40:00.000Z,5058308,,,3,0,0,0,0,0,0,1,3,,,,
jorge soler,2026-05-06T20:07:00.000Z,5058316,,,1,1,1,1,1,0,2,0,4,,,,
jorge soler,2026-05-06T01:38:00.000Z,5058307,,,4,1,4,1,1,1,0,1,4,,,,
jose altuve,2026-05-06T00:10:00.000Z,5058305,,,4,0,0,0,0,0,0,3,4,,,,
jose alvarado,2026-05-06T22:40:00.000Z,5058318,,,,,,,,,,,,2,1,0,
jose caballero,2026-05-06T23:05:00.000Z,5058322,,,2,0,0,0,0,0,0,0,3,,,,
jose fermin,2026-05-06T17:15:00.000Z,5058312,,,2,0,,0,1,0,1,0,,,,,
jose fermin,2026-05-06T01:38:00.000Z,5058307,,,,,,,,,,,,2,0,0,
jose ferrer,2026-05-06T20:10:00.000Z,5058317,,,,,,,,,,,,1,0,0,
jose ferrer,2026-05-06T01:40:00.000Z,5058308,,,,,,,,,,,,2,0,0,
jose ramirez,2026-05-06T23:40:00.000Z,5058324,,,2,0,0,1,0,0,2,0,4,,,,
jose tena,2026-05-06T22:45:00.000Z,5058321,,,5,2,6,2,2,1,0,0,5,,,,
jose trevino,2026-05-06T23:40:00.000Z,5058323,,,3,0,0,0,0,0,0,0,3,,,,
josh bell,2026-05-06T22:45:00.000Z,5058321,,,4,0,0,0,0,0,0,0,4,,,,
josh jung,2026-05-06T23:05:00.000Z,5058322,,,5,0,0,0,0,0,0,3,5,,,,
josh lowe,2026-05-06T01:38:00.000Z,5058307,,,3,0,0,0,0,0,0,1,3,,,,
josh naylor,2026-05-06T20:10:00.000Z,5058317,,,4,1,1,1,0,0,0,1,4,,,,
josh naylor,2026-05-06T01:40:00.000Z,5058308,,,3,2,2,0,0,0,1,1,4,,,,
jp crawford,2026-05-06T20:10:00.000Z,5058317,,,2,0,0,0,0,0,2,0,4,,,,
jp crawford,2026-05-06T01:40:00.000Z,5058308,,,4,1,4,1,2,1,0,2,4,,,,
jt brubaker,2026-05-06T01:45:00.000Z,5058310,,,,,,,,,,,,1,2,1,
jt realmuto,2026-05-06T22:40:00.000Z,5058318,,,4,2,2,0,0,0,0,0,4,,,,
julio rodriguez,2026-05-06T20:10:00.000Z,5058317,,,4,1,4,1,1,1,0,2,4,,,,
julio rodriguez,2026-05-06T01:40:00.000Z,5058308,,,4,0,0,0,0,0,0,2,4,,,,
jung hoo lee,2026-05-06T19:45:00.000Z,5058315,,,4,0,0,0,0,0,0,0,4,,,,
jung hoo lee,2026-05-06T01:45:00.000Z,5058310,,,4,1,1,1,1,0,0,0,4,,,,
junior caminero,2026-05-06T17:10:00.000Z,5058311,,,4,0,0,0,0,0,0,1,4,,,,
justin crawford,2026-05-06T22:40:00.000Z,5058318,,,2,0,0,0,1,0,0,1,2,,,,
justin sterner,2026-05-06T22:40:00.000Z,5058318,,,,,,,,,,,,0,0,0,
justin topa,2026-05-06T22:45:00.000Z,5058321,,,,,,,,,,,,1,2,6,
kazuma okamoto,2026-05-06T17:10:00.000Z,5058311,,,3,1,2,0,0,0,1,0,4,,,,
keaton winn,2026-05-06T19:45:00.000Z,5058315,,,,,,,,,,,,0,1,1,
kebryan hayes,2026-05-06T23:40:00.000Z,5058323,,,0,0,,0,0,0,0,0,,,,,
kerry carpenter,2026-05-06T22:40:00.000Z,5058320,,,2,0,0,0,0,0,0,1,2,,,,
ketel marte,2026-05-06T01:40:00.000Z,5058309,,,5,2,4,2,2,0,0,0,5,,,,
kevin kelly,2026-05-06T17:10:00.000Z,5058311,,,,,,,,,,,,0,0,0,
kevin mcgonigle,2026-05-06T22:40:00.000Z,5058320,,,4,0,0,0,0,0,0,0,4,,,,
kody clemens,2026-05-06T22:45:00.000Z,5058321,,,2,0,0,0,0,0,0,1,2,,,,
kody funderburk,2026-05-06T22:45:00.000Z,5058321,,,,,,,,,,,,2,1,1,
konnor griffin,2026-05-06T01:40:00.000Z,5058309,,,2,1,2,0,0,0,1,1,3,,,,
kyle finnegan,2026-05-06T22:40:00.000Z,5058320,,,,,,,,,,,,0,2,0,
kyle higashioka,2026-05-06T23:05:00.000Z,5058322,,,4,0,0,0,0,0,0,3,4,,,,
kyle hurt,2026-05-06T18:10:00.000Z,5058313,,,,,,,,,,,,2,0,0,
kyle isbel,2026-05-06T23:40:00.000Z,5058324,,,1,0,0,0,0,0,0,1,1,,,,
kyle manzardo,2026-05-06T23:40:00.000Z,5058324,,,1,0,0,0,0,0,0,0,1,,,,
kyle schwarber,2026-05-06T22:40:00.000Z,5058318,,,3,1,2,1,0,0,1,1,4,,,,
kyle stowers,2026-05-06T22:40:00.000Z,5058319,,,4,1,1,1,0,0,0,1,4,,,,
kyle stowers,2026-05-06T22:40:00.000Z,5058319,,,4,1,1,1,0,0,0,1,4,,,,
kyle tucker,2026-05-06T18:10:00.000Z,5058313,,,4,2,3,2,0,0,1,1,5,,,,
kyle tucker,2026-05-06T00:10:00.000Z,5058305,,,3,1,1,0,1,0,1,1,4,,,,
lance mccullers jr,2026-05-06T18:10:00.000Z,5058313,,,,,,,,,,,,4,3,6,
lane thomas,2026-05-06T23:40:00.000Z,5058324,,,2,0,0,0,0,0,1,0,3,,,,
lawrence butler,2026-05-06T22:40:00.000Z,5058318,,,2,0,0,1,0,0,2,1,4,,,,
lenyn sosa,2026-05-06T17:10:00.000Z,5058311,,,2,0,0,0,0,0,0,1,2,,,,
lenyn sosa,2026-05-06T17:10:00.000Z,5058311,,,2,0,0,0,0,0,0,1,2,,,,
leo rivas,2026-05-06T20:10:00.000Z,5058317,,,3,1,2,0,0,0,0,1,3,,,,
leo rivas,2026-05-06T01:40:00.000Z,5058308,,,3,0,0,0,0,0,0,0,3,,,,
leody taveras,2026-05-06T22:40:00.000Z,5058319,,,3,1,2,1,0,0,1,0,4,,,,
liam hicks,2026-05-06T22:40:00.000Z,5058319,,,3,1,1,0,0,0,1,0,4,,,,
logan webb,2026-05-06T01:45:00.000Z,5058310,,,,,,,,,,,,4,0,6,
louis varland,2026-05-06T17:10:00.000Z,5058311,,,,,,,,,,,,0,2,0,
lourdes gurriel jr,2026-05-06T01:40:00.000Z,5058309,,,1,1,1,1,0,0,3,0,4,,,,
luinder avila,2026-05-06T23:40:00.000Z,5058324,,,,,,,,,,,,2,2,2,
luis campusano,2026-05-06T01:45:00.000Z,5058310,,,2,0,0,1,0,0,1,0,4,,,,
luis garcia,2026-05-06T22:45:00.000Z,5058321,,,,,,,,,,,,0,0,2,
luisangel acuna,2026-05-06T20:07:00.000Z,5058316,,,1,1,1,0,0,0,0,0,1,,,,
luisangel acuna,2026-05-06T01:38:00.000Z,5058307,,,2,0,0,0,0,0,0,0,2,,,,
luke keaschall,2026-05-06T22:45:00.000Z,5058321,,,3,1,2,1,0,0,0,0,3,,,,
luke raley,2026-05-06T01:40:00.000Z,5058308,,,1,0,0,0,0,0,0,1,2,,,,
maikel garcia,2026-05-06T23:40:00.000Z,5058324,,,3,2,2,0,0,0,1,0,4,,,,
manny machado,2026-05-06T19:45:00.000Z,5058315,,,3,0,0,1,0,0,1,1,5,,,,
manny machado,2026-05-06T01:45:00.000Z,5058310,,,5,0,0,0,0,0,0,2,5,,,,
marcell ozuna,2026-05-06T01:40:00.000Z,5058309,,,3,0,0,0,0,0,1,1,4,,,,
marcelo mayer,2026-05-06T22:40:00.000Z,5058320,,,3,1,1,1,0,0,1,2,4,,,,
martin perez,2026-05-06T20:10:00.000Z,5058317,,,,,,,,,,,,5,1,2,
martin perez,2026-05-06T20:10:00.000Z,5058317,,,,,,,,,,,,5,1,2,
masataka yoshida,2026-05-06T22:40:00.000Z,5058320,,,4,2,2,1,0,0,0,1,4,,,,
mason fluharty,2026-05-06T17:10:00.000Z,5058311,,,,,,,,,,,,0,0,0,
mason miller,2026-05-06T19:45:00.000Z,5058315,,,,,,,,,,,,2,0,0,
masyn winn,2026-05-06T17:15:00.000Z,5058312,,,4,0,0,0,0,0,0,1,4,,,,
matt chapman,2026-05-06T19:45:00.000Z,5058315,,,3,0,0,0,0,0,0,1,3,,,,
matt chapman,2026-05-06T01:45:00.000Z,5058310,,,4,0,0,0,0,0,0,1,4,,,,
matt festa,2026-05-06T23:40:00.000Z,5058324,,,,,,,,,,,,2,0,0,
matt gage,2026-05-06T19:45:00.000Z,5058315,,,,,,,,,,,,0,0,0,
matt mclain,2026-05-06T23:40:00.000Z,5058323,,,3,2,5,2,1,1,0,0,4,,,,
matt olson,2026-05-06T20:10:00.000Z,5058317,,,3,0,0,0,0,0,1,2,4,,,,
matt olson,2026-05-06T01:40:00.000Z,5058308,,,3,2,5,2,1,1,1,1,4,,,,
matt shaw,2026-05-06T23:40:00.000Z,5058323,,,0,0,,0,0,0,0,0,,,,,
matt svanson,2026-05-06T17:15:00.000Z,5058312,,,,,,,,,,,,2,1,1,
matt vierling,2026-05-06T22:40:00.000Z,5058320,,,3,1,1,0,0,0,1,0,4,,,,
matt waldron,2026-05-06T19:45:00.000Z,5058315,,,,,,,,,,,,7,0,1,
matt waldron,2026-05-06T19:45:00.000Z,5058315,,,,,,,,,,,,7,0,1,
matt wallner,2026-05-06T22:45:00.000Z,5058321,,,3,2,5,1,2,1,0,0,3,,,,
mauricio dubon,2026-05-06T20:10:00.000Z,5058317,,,4,1,1,0,0,0,0,2,3,,,,
mauricio dubon,2026-05-06T01:40:00.000Z,5058308,,,3,2,3,0,2,0,1,0,4,,,,
max muncy,2026-05-06T18:10:00.000Z,5058313,,,3,1,1,1,0,0,0,2,3,,,,
max muncy,2026-05-06T00:10:00.000Z,5058305,,,3,0,0,0,0,0,1,0,4,,,,
michael busch,2026-05-06T23:40:00.000Z,5058323,,,3,1,1,0,1,0,2,2,5,,,,
michael conforto,2026-05-06T23:40:00.000Z,5058323,,,1,0,0,0,0,0,0,0,1,,,,
michael harris ii,2026-05-06T20:10:00.000Z,5058317,,,4,0,0,0,0,0,0,1,4,,,,
michael harris ii,2026-05-06T01:40:00.000Z,5058308,,,4,0,0,0,0,0,0,0,4,,,,
miguel amaya,2026-05-06T23:40:00.000Z,5058323,,,0,0,0,0,0,0,0,0,1,,,,
miguel andujar,2026-05-06T19:45:00.000Z,5058315,,,4,0,0,0,0,0,0,0,4,,,,
miguel andujar,2026-05-06T01:45:00.000Z,5058310,,,5,3,6,1,1,0,0,0,5,,,,
miguel rojas,2026-05-06T18:10:00.000Z,5058313,,,1,0,0,0,0,0,0,0,1,,,,
miguel rojas,2026-05-06T00:10:00.000Z,5058305,,,4,0,0,0,0,0,0,0,4,,,,
miguel vargas,2026-05-06T20:07:00.000Z,5058316,,,4,0,0,0,0,0,0,1,4,,,,
miguel vargas,2026-05-06T01:38:00.000Z,5058307,,,3,0,0,1,0,0,2,0,5,,,,
mike trout,2026-05-06T20:07:00.000Z,5058316,,,5,1,1,0,1,0,0,1,5,,,,
mike trout,2026-05-06T01:38:00.000Z,5058307,,,2,2,5,2,1,1,2,0,4,,,,
mike yastrzemski,2026-05-06T20:10:00.000Z,5058317,,,3,1,1,1,0,0,0,0,3,,,,
mike yastrzemski,2026-05-06T01:40:00.000Z,5058308,,,3,1,1,0,0,0,0,1,3,,,,
miles mikolas,2026-05-06T22:45:00.000Z,5058321,,,,,,,,,,,,3,0,2,
mitch garver,2026-05-06T20:10:00.000Z,5058317,,,0,0,0,0,0,0,0,0,0,,,,
mitch garver,2026-05-06T01:40:00.000Z,5058308,,,2,0,0,1,0,0,1,2,3,,,,
mitchell parker,2026-05-06T22:45:00.000Z,5058321,,,,,,,,,,,,2,0,0,
mitchell parker,2026-05-06T22:45:00.000Z,5058321,,,,,,,,,,,,2,0,0,
moises ballesteros,2026-05-06T23:40:00.000Z,5058323,,,3,0,0,0,0,0,0,2,3,,,,
munetaka murakami,2026-05-06T20:07:00.000Z,5058316,,,4,0,0,0,0,0,0,4,4,,,,
munetaka murakami,2026-05-06T01:38:00.000Z,5058307,,,2,1,1,0,0,0,0,1,2,,,,
myles straw,2026-05-06T17:10:00.000Z,5058311,,,3,2,3,0,0,0,0,1,3,,,,
nasim nunez,2026-05-06T22:45:00.000Z,5058321,,,4,1,3,0,1,0,0,1,4,,,,
nathan church,2026-05-06T17:15:00.000Z,5058312,,,0,0,0,0,0,0,0,0,1,,,,
nathan eovaldi,2026-05-06T23:05:00.000Z,5058322,,,,,,,,,,,,8,0,1,
nathaniel lowe,2026-05-06T23:40:00.000Z,5058323,,,4,1,1,0,0,0,1,1,5,,,,
nick allen,2026-05-06T18:10:00.000Z,5058313,,,2,0,0,0,0,0,0,0,2,,,,
nick allen,2026-05-06T00:10:00.000Z,5058305,,,3,1,1,0,0,0,0,0,3,,,,
nick castellanos,2026-05-06T19:45:00.000Z,5058315,,,4,2,2,0,0,0,0,1,4,,,,
nick castellanos,2026-05-06T01:45:00.000Z,5058310,,,3,1,1,1,2,0,0,0,4,,,,
nick fortes,2026-05-06T17:10:00.000Z,5058311,,,3,1,1,0,0,0,0,0,3,,,,
nick gonzales,2026-05-06T01:40:00.000Z,5058309,,,4,0,0,0,0,0,0,1,4,,,,
nick kurtz,2026-05-06T22:40:00.000Z,5058318,,,4,2,2,0,1,0,1,0,5,,,,
nick loftin,2026-05-06T23:40:00.000Z,5058324,,,2,0,0,0,0,0,1,1,3,,,,
nick loftin,2026-05-06T23:40:00.000Z,5058324,,,2,0,0,0,0,0,1,1,3,,,,
nico hoerner,2026-05-06T23:40:00.000Z,5058323,,,5,0,0,1,0,0,0,0,5,,,,
noah schultz,2026-05-06T20:07:00.000Z,5058316,,,,,,,,,,,,3,4,7,
nolan arenado,2026-05-06T01:40:00.000Z,5058309,,,1,0,0,1,0,0,2,0,4,,,,
nolan gorman,2026-05-06T17:15:00.000Z,5058312,,,3,1,2,1,0,0,1,2,4,,,,
nolan schanuel,2026-05-06T20:07:00.000Z,5058316,,,4,1,1,2,0,0,0,0,4,,,,
nolan schanuel,2026-05-06T01:38:00.000Z,5058307,,,4,1,2,0,1,0,0,0,4,,,,
oneil cruz,2026-05-06T01:40:00.000Z,5058309,,,4,0,0,0,0,0,0,1,4,,,,
orion kerkering,2026-05-06T22:40:00.000Z,5058318,,,,,,,,,,,,0,0,0,
osvaldo bido,2026-05-06T20:07:00.000Z,5058316,,,,,,,,,,,,0,0,0,
oswald peraza,2026-05-06T20:07:00.000Z,5058316,,,4,1,1,0,0,0,0,0,4,,,,
oswald peraza,2026-05-06T01:38:00.000Z,5058307,,,0,0,,0,0,0,0,0,,,,,
otto lopez,2026-05-06T22:40:00.000Z,5058319,,,2,1,2,1,0,0,0,0,2,,,,
owen caissie,2026-05-06T22:40:00.000Z,5058319,,,3,1,1,0,1,0,1,1,4,,,,
ozzie albies,2026-05-06T20:10:00.000Z,5058317,,,3,0,0,0,0,0,1,1,4,,,,
ozzie albies,2026-05-06T01:40:00.000Z,5058308,,,4,1,1,1,0,0,0,1,4,,,,
patrick bailey,2026-05-06T19:45:00.000Z,5058315,,,3,0,0,0,0,0,0,2,3,,,,
patrick corbin,2026-05-06T17:10:00.000Z,5058311,,,,,,,,,,,,1,2,2,
paul goldschmidt,2026-05-06T23:05:00.000Z,5058322,,,3,0,0,0,0,0,0,1,3,,,,
pedro pages,2026-05-06T17:15:00.000Z,5058312,,,3,0,0,0,0,0,0,1,3,,,,
pete alonso,2026-05-06T22:40:00.000Z,5058319,,,5,1,4,1,3,1,0,1,5,,,,
pete crowarmstrong,2026-05-06T23:40:00.000Z,5058323,,,3,2,5,1,2,1,0,0,4,,,,
peter lambert,2026-05-06T00:10:00.000Z,5058305,,,,,,,,,,,,4,4,0,
peter lambert,2026-05-06T00:10:00.000Z,5058305,,,,,,,,,,,,4,4,0,
petey halpin,2026-05-06T23:40:00.000Z,5058324,,,4,1,1,1,0,0,0,1,4,,,,
phil maton,2026-05-06T23:40:00.000Z,5058323,,,,,,,,,,,,1,0,0,
pierce johnson,2026-05-06T23:40:00.000Z,5058323,,,,,,,,,,,,0,0,0,
rafael devers,2026-05-06T19:45:00.000Z,5058315,,,3,1,4,1,1,1,0,1,3,,,,
rafael devers,2026-05-06T01:45:00.000Z,5058310,,,4,1,1,0,0,0,0,1,4,,,,
raisel iglesias,2026-05-06T01:40:00.000Z,5058308,,,,,,,,,,,,2,0,0,
ramon laureano,2026-05-06T19:45:00.000Z,5058315,,,2,0,0,1,0,0,2,1,4,,,,
randal grichuk,2026-05-06T20:07:00.000Z,5058316,,,2,0,0,0,0,0,0,0,2,,,,
randal grichuk,2026-05-06T01:38:00.000Z,5058307,,,2,1,1,0,1,0,0,0,2,,,,
randy arozarena,2026-05-06T20:10:00.000Z,5058317,,,4,1,1,0,0,0,0,1,4,,,,
randy arozarena,2026-05-06T01:40:00.000Z,5058308,,,4,0,0,0,0,0,0,2,4,,,,
rhys hoskins,2026-05-06T23:40:00.000Z,5058324,,,3,0,0,0,0,0,0,2,3,,,,
rico garcia,2026-05-06T22:40:00.000Z,5058319,,,,,,,,,,,,1,1,0,
riley greene,2026-05-06T22:40:00.000Z,5058320,,,4,2,3,0,0,0,0,2,4,,,,
rob refsnyder,2026-05-06T01:40:00.000Z,5058308,,,1,0,0,0,0,0,0,1,1,,,,
robert suarez,2026-05-06T01:40:00.000Z,5058308,,,,,,,,,,,,2,0,0,
ron marinaccio,2026-05-06T01:45:00.000Z,5058310,,,,,,,,,,,,1,0,0,
ryan borucki,2026-05-06T01:45:00.000Z,5058310,,,,,,,,,,,,0,0,1,
ryan jeffers,2026-05-06T22:45:00.000Z,5058321,,,1,0,0,0,0,0,0,0,1,,,,
ryan mcmahon,2026-05-06T23:05:00.000Z,5058322,,,3,0,0,0,0,0,0,1,3,,,,
ryan ohearn,2026-05-06T01:40:00.000Z,5058309,,,3,0,0,0,0,0,0,1,3,,,,
ryan vilade,2026-05-06T17:10:00.000Z,5058311,,,2,0,0,0,0,0,1,0,3,,,,
ryan walker,2026-05-06T19:45:00.000Z,5058315,,,,,,,,,,,,0,2,2,
ryan yarbrough,2026-05-06T23:05:00.000Z,5058322,,,,,,,,,,,,2,1,0,
ryan zeferjahn,2026-05-06T01:38:00.000Z,5058307,,,,,,,,,,,,3,2,0,
sal frelick,2026-05-06T17:15:00.000Z,5058312,,,5,2,2,1,0,0,0,0,5,,,,
sal stewart,2026-05-06T23:40:00.000Z,5058323,,,4,0,0,0,0,0,1,0,5,,,,
salvador perez,2026-05-06T23:40:00.000Z,5058324,,,2,0,0,0,1,0,1,2,4,,,,
sam aldegheri,2026-05-06T01:38:00.000Z,5058307,,,,,,,,,,,,0,2,2,
sam antonacci,2026-05-06T20:07:00.000Z,5058316,,,3,0,0,0,1,0,0,0,4,,,,
sam antonacci,2026-05-06T20:07:00.000Z,5058316,,,3,0,0,0,1,0,0,0,4,,,,
sam antonacci,2026-05-06T01:38:00.000Z,5058307,,,3,1,1,0,0,0,0,0,4,,,,
sam antonacci,2026-05-06T01:38:00.000Z,5058307,,,3,1,1,0,0,0,0,0,4,,,,
sam bachman,2026-05-06T01:38:00.000Z,5058307,,,,,,,,,,,,3,0,1,
sam moll,2026-05-06T23:40:00.000Z,5058323,,,,,,,,,,,,0,0,0,
samuel basallo,2026-05-06T22:40:00.000Z,5058319,,,3,1,1,1,0,0,1,0,4,,,,
santiago espinal,2026-05-06T18:10:00.000Z,5058313,,,1,0,0,0,0,0,0,0,1,,,,
santiago espinal,2026-05-06T00:10:00.000Z,5058305,,,1,0,0,0,0,0,0,1,1,,,,
sean murphy,2026-05-06T20:10:00.000Z,5058317,,,3,1,1,0,0,0,0,1,3,,,,
sebastian rivero,2026-05-06T20:07:00.000Z,5058316,,,2,0,0,0,0,0,0,0,2,,,,
sebastian rivero,2026-05-06T01:38:00.000Z,5058307,,,3,0,0,0,0,0,0,0,3,,,,
seiya suzuki,2026-05-06T23:40:00.000Z,5058323,,,4,1,2,1,1,0,1,1,5,,,,
shane mcclanahan,2026-05-06T17:10:00.000Z,5058311,,,,,,,,,,,,4,1,0,
shay whitcomb,2026-05-06T18:10:00.000Z,5058313,,,1,0,0,0,0,0,0,1,1,,,,
shohei ohtani,2026-05-06T18:10:00.000Z,5058313,,,4,2,3,2,1,0,1,1,5,,,,
shohei ohtani,2026-05-06T00:10:00.000Z,5058305,,,,,,,,,,,,8,0,2,
sonny gray,2026-05-06T22:40:00.000Z,5058320,,,,,,,,,,,,2,2,0,
spencer steer,2026-05-06T23:40:00.000Z,5058323,,,5,1,4,1,1,1,0,1,5,,,,
spencer torkelson,2026-05-06T22:40:00.000Z,5058320,,,3,0,0,0,0,0,1,2,4,,,,
starling marte,2026-05-06T23:40:00.000Z,5058324,,,2,1,1,0,0,0,1,0,3,,,,
sungmun song,2026-05-06T19:45:00.000Z,5058315,,,2,0,0,0,0,0,0,1,2,,,,
sungmun song,2026-05-06T01:45:00.000Z,5058310,,,4,2,3,2,2,0,0,0,4,,,,
tanner scott,2026-05-06T18:10:00.000Z,5058313,,,,,,,,,,,,0,0,0,
taylor walls,2026-05-06T17:10:00.000Z,5058311,,,2,1,1,0,0,0,1,0,3,,,,
taylor ward,2026-05-06T22:40:00.000Z,5058319,,,2,0,0,3,0,0,3,2,5,,,,
tejay antone,2026-05-06T23:40:00.000Z,5058323,,,,,,,,,,,,2,0,0,
teoscar hernandez,2026-05-06T18:10:00.000Z,5058313,,,4,0,0,0,0,0,0,3,4,,,,
teoscar hernandez,2026-05-06T00:10:00.000Z,5058305,,,4,0,0,0,0,0,0,2,4,,,,
tim mayza,2026-05-06T22:40:00.000Z,5058318,,,,,,,,,,,,1,0,0,
tj friedl,2026-05-06T23:40:00.000Z,5058323,,,3,1,1,1,0,0,1,1,4,,,,
travis darnaud,2026-05-06T20:07:00.000Z,5058316,,,2,1,4,1,3,1,0,0,2,,,,
trea turner,2026-05-06T22:40:00.000Z,5058318,,,5,1,1,0,0,0,0,1,5,,,,
trent grisham,2026-05-06T23:05:00.000Z,5058322,,,4,0,0,0,0,0,0,2,4,,,,
trent thornton,2026-05-06T23:40:00.000Z,5058323,,,,,,,,,,,,0,0,0,
trevor larnach,2026-05-06T22:45:00.000Z,5058321,,,4,0,0,0,0,0,0,1,4,,,,
trevor megill,2026-05-06T17:15:00.000Z,5058312,,,,,,,,,,,,2,0,1,
trevor story,2026-05-06T22:40:00.000Z,5058320,,,4,0,0,0,0,0,0,2,4,,,,
tristan gray,2026-05-06T22:45:00.000Z,5058321,,,3,0,0,0,0,0,0,1,3,,,,
tristan peters,2026-05-06T20:07:00.000Z,5058316,,,2,0,0,0,0,0,0,1,2,,,,
tristan peters,2026-05-06T01:38:00.000Z,5058307,,,1,0,0,0,0,0,0,0,1,,,,
ty france,2026-05-06T19:45:00.000Z,5058315,,,2,1,3,0,2,0,0,0,2,,,,
tyler black,2026-05-06T17:15:00.000Z,5058312,,,3,0,0,0,0,0,0,0,3,,,,
tyler davis,2026-05-06T01:38:00.000Z,5058307,,,,,,,,,,,,1,0,0,
tyler glasnow,2026-05-06T18:10:00.000Z,5058313,,,,,,,,,,,,2,0,1,
tyler heineman,2026-05-06T17:10:00.000Z,5058311,,,2,0,0,0,0,0,0,0,2,,,,
tyler kinley,2026-05-06T20:10:00.000Z,5058317,,,,,,,,,,,,0,0,0,
tyler oneill,2026-05-06T22:40:00.000Z,5058319,,,1,0,0,0,0,0,0,0,1,,,,
tyler samaniego,2026-05-06T22:40:00.000Z,5058320,,,,,,,,,,,,3,1,0,
tyler soderstrom,2026-05-06T22:40:00.000Z,5058318,,,4,1,4,1,1,1,0,1,4,,,,
tyler stephenson,2026-05-06T23:40:00.000Z,5058323,,,1,1,1,1,0,0,0,0,1,,,,
vaughn grissom,2026-05-06T20:07:00.000Z,5058316,,,3,0,0,0,0,0,1,1,4,,,,
vaughn grissom,2026-05-06T01:38:00.000Z,5058307,,,3,0,0,0,0,0,0,0,3,,,,
victor caratini,2026-05-06T22:45:00.000Z,5058321,,,3,0,0,0,0,0,0,1,3,,,,
victor scott ii,2026-05-06T17:15:00.000Z,5058312,,,3,1,1,1,0,0,0,1,3,,,,
vinnie pasquantino,2026-05-06T23:40:00.000Z,5058324,,,4,1,1,0,0,0,0,1,4,,,,
vladimir guerrero jr,2026-05-06T17:10:00.000Z,5058311,,,4,0,0,0,0,0,0,1,4,,,,
walbert urena,2026-05-06T20:07:00.000Z,5058316,,,,,,,,,,,,5,3,1,
walbert urena,2026-05-06T20:07:00.000Z,5058316,,,,,,,,,,,,5,3,1,
walker buehler,2026-05-06T01:45:00.000Z,5058310,,,,,,,,,,,,5,0,4,
wenceel perez,2026-05-06T22:40:00.000Z,5058320,,,1,0,0,0,0,0,0,0,1,,,,
will benson,2026-05-06T23:40:00.000Z,5058323,,,4,2,2,1,0,0,1,0,5,,,,
will smith,2026-05-06T00:10:00.000Z,5058305,,,4,0,0,0,0,0,0,0,4,,,,
will warren,2026-05-06T23:05:00.000Z,5058322,,,,,,,,,,,,7,3,6,
william contreras,2026-05-06T17:15:00.000Z,5058312,,,4,0,0,1,0,0,0,1,5,,,,
willson contreras,2026-05-06T22:40:00.000Z,5058320,,,3,0,0,0,1,0,1,3,5,,,,
willy adames,2026-05-06T19:45:00.000Z,5058315,,,3,0,0,0,0,0,0,1,3,,,,
willy adames,2026-05-06T01:45:00.000Z,5058310,,,4,1,1,1,0,0,0,1,4,,,,
wilyer abreu,2026-05-06T22:40:00.000Z,5058320,,,5,0,0,0,0,0,0,3,5,,,,
xander bogaerts,2026-05-06T19:45:00.000Z,5058315,,,1,1,4,1,2,1,0,0,1,,,,
xander bogaerts,2026-05-06T01:45:00.000Z,5058310,,,4,2,5,1,2,1,1,0,5,,,,
xavier edwards,2026-05-06T22:40:00.000Z,5058319,,,4,0,0,0,1,0,0,0,4,,,,
yandy diaz,2026-05-06T17:10:00.000Z,5058311,,,4,1,1,0,0,0,0,0,4,,,,
yerry de los santos,2026-05-06T23:05:00.000Z,5058322,,,,,,,,,,,,5,1,0,
yoan moncada,2026-05-06T01:38:00.000Z,5058307,,,3,1,1,0,0,0,0,2,3,,,,
yohan ramirez,2026-05-06T01:40:00.000Z,5058309,,,,,,,,,,,,0,1,5,
yohendrick pinango,2026-05-06T17:10:00.000Z,5058311,,,3,0,0,0,0,0,0,1,3,,,,
yordan alvarez,2026-05-06T18:10:00.000Z,5058313,,,2,0,0,0,0,0,0,1,2,,,,
yordan alvarez,2026-05-06T00:10:00.000Z,5058305,,,4,0,0,0,0,0,0,1,4,,,,
zach cole,2026-05-06T18:10:00.000Z,5058313,,,3,1,1,0,1,0,0,0,3,,,,
zach cole,2026-05-06T00:10:00.000Z,5058305,,,3,0,0,0,0,0,0,2,3,,,,
zach dezenzo,2026-05-06T18:10:00.000Z,5058313,,,3,0,0,0,0,0,0,0,3,,,,
zach mckinstry,2026-05-06T22:40:00.000Z,5058320,,,2,0,0,0,0,0,2,0,4,,,,
zach neto,2026-05-06T20:07:00.000Z,5058316,,,2,1,3,2,2,0,2,0,5,,,,
zach neto,2026-05-06T01:38:00.000Z,5058307,,,4,2,5,1,1,1,0,1,4,,,,
zack gelof,2026-05-06T22:40:00.000Z,5058318,,,4,1,2,1,0,0,0,3,4,,,,
zack kelly,2026-05-06T22:40:00.000Z,5058320,,,,,,,,,,,,2,2,0,
zack wheeler,2026-05-06T22:40:00.000Z,5058318,,,,,,,,,,,,4,1,3,
zak kent,2026-05-06T22:45:00.000Z,5058321,,,,,,,,,,,,0,0,0,
