player_name,stat_family,market,is_alternate,line,side,book,odds,projection_mu,sigma,model_probability,fair_probability,implied_probability,edge,hit_rate_l5,hit_rate_l10,hit_rate_l20,cv,home_team,away_team,commence_time,event_id
Andy Pages,hits,batter_hits,False,0.5,OVER,fliff,-230,1.7864964008331299,0.4714045207910317,0.9968243484878863,0.9968243484878863,0.696969696969697,0.29985465151818924,100.0,90.0,70.0,0.4714045207910317,Houston Astros,Los Angeles Dodgers,2026-05-06T18:11:00Z,de734f0e0ca302bf4a6c20844ec6127c
Andy Pages,hits,batter_hits,False,0.5,OVER,betonlineag,-204,1.7864964008331299,0.4714045207910317,0.9968243484878863,0.9968243484878863,0.6710526315789473,0.3257717169089389,100.0,90.0,70.0,0.4714045207910317,Houston Astros,Los Angeles Dodgers,2026-05-06T18:11:00Z,de734f0e0ca302bf4a6c20844ec6127c
Andy Pages,hits,batter_hits,False,0.5,OVER,draftkings,-206,1.7864964008331299,0.4714045207910317,0.9968243484878863,0.9968243484878863,0.673202614379085,0.32362173410880124,100.0,90.0,70.0,0.4714045207910317,Houston Astros,Los Angeles Dodgers,2026-05-06T18:11:00Z,de734f0e0ca302bf4a6c20844ec6127c
Andy Pages,hits,batter_hits,False,0.5,OVER,hardrockbet_oh,-250,1.7864964008331299,0.4714045207910317,0.9968243484878863,0.9968243484878863,0.7142857142857143,0.28253863420217196,100.0,90.0,70.0,0.4714045207910317,Houston Astros,Los Angeles Dodgers,2026-05-06T18:11:00Z,de734f0e0ca302bf4a6c20844ec6127c
Andy Pages,hits,batter_hits,False,0.5,OVER,hardrockbet,-200,1.7864964008331299,0.4714045207910317,0.9968243484878863,0.9968243484878863,0.6666666666666666,0.33015768182121963,100.0,90.0,70.0,0.4714045207910317,Houston Astros,Los Angeles Dodgers,2026-05-06T18:11:00Z,de734f0e0ca302bf4a6c20844ec6127c
Andy Pages,hits,batter_hits,False,0.5,OVER,betrivers,-200,1.7864964008331299,0.4714045207910317,0.9968243484878863,0.9968243484878863,0.6666666666666666,0.33015768182121963,100.0,90.0,70.0,0.4714045207910317,Houston Astros,Los Angeles Dodgers,2026-05-06T18:11:00Z,de734f0e0ca302bf4a6c20844ec6127c
Andy Pages,hits,batter_hits,False,0.5,OVER,ballybet,-200,1.7864964008331299,0.4714045207910317,0.9968243484878863,0.9968243484878863,0.6666666666666666,0.33015768182121963,100.0,90.0,70.0,0.4714045207910317,Houston Astros,Los Angeles Dodgers,2026-05-06T18:11:00Z,de734f0e0ca302bf4a6c20844ec6127c
Andy Pages,hits,batter_hits,False,0.5,OVER,betparx,-200,1.7864964008331299,0.4714045207910317,0.9968243484878863,0.9968243484878863,0.6666666666666666,0.33015768182121963,100.0,90.0,70.0,0.4714045207910317,Houston Astros,Los Angeles Dodgers,2026-05-06T18:11:00Z,de734f0e0ca302bf4a6c20844ec6127c
Andy Pages,hits,batter_hits,False,0.5,OVER,betmgm,-200,1.7864964008331299,0.4714045207910317,0.9968243484878863,0.9968243484878863,0.6666666666666666,0.33015768182121963,100.0,90.0,70.0,0.4714045207910317,Houston Astros,Los Angeles Dodgers,2026-05-06T18:11:00Z,de734f0e0ca302bf4a6c20844ec6127c
Miguel Vargas,hits,batter_hits,False,0.5,OVER,fliff,-215,1.3663334846496582,0.5676462121975467,0.936518177805538,0.936518177805538,0.6825396825396826,0.2539784952658555,100.0,90.0,75.0,0.5160420110886789,Los Angeles Angels,Chicago White Sox,2026-05-06T20:08:00Z,7c30fa11564865dd19f2a9c4a7e9d937
Jorge Soler,hits,batter_hits,False,0.5,OVER,fliff,-175,1.3553304362297058,0.4714045207910317,0.9651942135542287,0.9651942135542287,0.6363636363636364,0.3288305771905924,80.0,90.0,75.0,0.4714045207910317,Los Angeles Angels,Chicago White Sox,2026-05-06T20:08:00Z,7c30fa11564865dd19f2a9c4a7e9d937
Jorge Soler,hits,batter_hits,False,0.5,OVER,hardrockbet_oh,-165,1.3553304362297058,0.4714045207910317,0.9651942135542287,0.9651942135542287,0.6226415094339622,0.3425527041202665,80.0,90.0,75.0,0.4714045207910317,Los Angeles Angels,Chicago White Sox,2026-05-06T20:08:00Z,7c30fa11564865dd19f2a9c4a7e9d937
Miguel Vargas,hits,batter_hits,False,0.5,OVER,hardrockbet_oh,-195,1.3663334846496582,0.5676462121975467,0.936518177805538,0.936518177805538,0.6610169491525424,0.27550122865299564,100.0,90.0,75.0,0.5160420110886789,Los Angeles Angels,Chicago White Sox,2026-05-06T20:08:00Z,7c30fa11564865dd19f2a9c4a7e9d937
Jorge Soler,hits,batter_hits,False,0.5,OVER,hardrockbet,-160,1.3553304362297058,0.4714045207910317,0.9651942135542287,0.9651942135542287,0.6153846153846154,0.3498095981696133,80.0,90.0,75.0,0.4714045207910317,Los Angeles Angels,Chicago White Sox,2026-05-06T20:08:00Z,7c30fa11564865dd19f2a9c4a7e9d937
Miguel Vargas,hits,batter_hits,False,0.5,OVER,hardrockbet,-195,1.3663334846496582,0.5676462121975467,0.936518177805538,0.936518177805538,0.6610169491525424,0.27550122865299564,100.0,90.0,75.0,0.5160420110886789,Los Angeles Angels,Chicago White Sox,2026-05-06T20:08:00Z,7c30fa11564865dd19f2a9c4a7e9d937
Jorge Soler,hits,batter_hits,False,0.5,OVER,betrivers,-162,1.3553304362297058,0.4714045207910317,0.9651942135542287,0.9651942135542287,0.6183206106870229,0.3468736028672058,80.0,90.0,75.0,0.4714045207910317,Los Angeles Angels,Chicago White Sox,2026-05-06T20:08:00Z,7c30fa11564865dd19f2a9c4a7e9d937
Miguel Vargas,hits,batter_hits,False,0.5,OVER,betrivers,-200,1.3663334846496582,0.5676462121975467,0.936518177805538,0.936518177805538,0.6666666666666666,0.2698515111388714,100.0,90.0,75.0,0.5160420110886789,Los Angeles Angels,Chicago White Sox,2026-05-06T20:08:00Z,7c30fa11564865dd19f2a9c4a7e9d937
Miguel Vargas,hits,batter_hits,False,0.5,OVER,betonlineag,-182,1.3663334846496582,0.5676462121975467,0.936518177805538,0.936518177805538,0.6453900709219859,0.2911281068835522,100.0,90.0,75.0,0.5160420110886789,Los Angeles Angels,Chicago White Sox,2026-05-06T20:08:00Z,7c30fa11564865dd19f2a9c4a7e9d937
Jorge Soler,hits,batter_hits,False,0.5,OVER,betonlineag,-152,1.3553304362297058,0.4714045207910317,0.9651942135542287,0.9651942135542287,0.6031746031746031,0.3620196103796256,80.0,90.0,75.0,0.4714045207910317,Los Angeles Angels,Chicago White Sox,2026-05-06T20:08:00Z,7c30fa11564865dd19f2a9c4a7e9d937
Miguel Vargas,hits,batter_hits,False,0.5,OVER,draftkings,-205,1.3663334846496582,0.5676462121975467,0.936518177805538,0.936518177805538,0.6721311475409836,0.26438703026455446,100.0,90.0,75.0,0.5160420110886789,Los Angeles Angels,Chicago White Sox,2026-05-06T20:08:00Z,7c30fa11564865dd19f2a9c4a7e9d937
Jorge Soler,hits,batter_hits,False,0.5,OVER,draftkings,-159,1.3553304362297058,0.4714045207910317,0.9651942135542287,0.9651942135542287,0.6138996138996139,0.35129459965461485,80.0,90.0,75.0,0.4714045207910317,Los Angeles Angels,Chicago White Sox,2026-05-06T20:08:00Z,7c30fa11564865dd19f2a9c4a7e9d937
Miguel Vargas,hits,batter_hits,False,0.5,OVER,betmgm,-165,1.3663334846496582,0.5676462121975467,0.936518177805538,0.936518177805538,0.6226415094339622,0.3138766683715758,100.0,90.0,75.0,0.5160420110886789,Los Angeles Angels,Chicago White Sox,2026-05-06T20:08:00Z,7c30fa11564865dd19f2a9c4a7e9d937
Jorge Soler,hits,batter_hits,False,0.5,OVER,betmgm,-150,1.3553304362297058,0.4714045207910317,0.9651942135542287,0.9651942135542287,0.6,0.36519421355422876,80.0,90.0,75.0,0.4714045207910317,Los Angeles Angels,Chicago White Sox,2026-05-06T20:08:00Z,7c30fa11564865dd19f2a9c4a7e9d937
Ozzie Albies,hits,batter_hits,False,0.5,OVER,fliff,-230,1.9090256690979004,0.6992058987801011,0.9780570983009995,0.9780570983009995,0.696969696969697,0.2810874013313025,100.0,100.0,90.0,0.4370036867375632,Seattle Mariners,Atlanta Braves,2026-05-06T20:10:00Z,1f8259cdeb29bfd068ffa5cbaea3e8d7
Matt Olson,hits,batter_hits,False,0.5,OVER,fliff,-215,2.190697431564331,0.6749485577105528,0.9938761810723162,0.9938761810723162,0.6825396825396826,0.3113364985326337,80.0,90.0,85.0,0.5191911982388868,Seattle Mariners,Atlanta Braves,2026-05-06T20:10:00Z,1f8259cdeb29bfd068ffa5cbaea3e8d7
Ozzie Albies,hits,batter_hits,False,0.5,OVER,fanatics,-205,1.9090256690979004,0.6992058987801011,0.9780570983009995,0.9780570983009995,0.6721311475409836,0.30592595076001594,100.0,100.0,90.0,0.4370036867375632,Seattle Mariners,Atlanta Braves,2026-05-06T20:10:00Z,1f8259cdeb29bfd068ffa5cbaea3e8d7
Ozzie Albies,hits,batter_hits,False,0.5,OVER,betonlineag,-213,1.9090256690979004,0.6992058987801011,0.9780570983009995,0.9780570983009995,0.6805111821086262,0.29754591619237336,100.0,100.0,90.0,0.4370036867375632,Seattle Mariners,Atlanta Braves,2026-05-06T20:10:00Z,1f8259cdeb29bfd068ffa5cbaea3e8d7
Matt Olson,hits,batter_hits,False,0.5,OVER,betonlineag,-200,2.190697431564331,0.6749485577105528,0.9938761810723162,0.9938761810723162,0.6666666666666666,0.3272095144056496,80.0,90.0,85.0,0.5191911982388868,Seattle Mariners,Atlanta Braves,2026-05-06T20:10:00Z,1f8259cdeb29bfd068ffa5cbaea3e8d7
Ozzie Albies,hits,batter_hits,False,0.5,OVER,draftkings,-208,1.9090256690979004,0.6992058987801011,0.9780570983009995,0.9780570983009995,0.6753246753246753,0.3027324229763242,100.0,100.0,90.0,0.4370036867375632,Seattle Mariners,Atlanta Braves,2026-05-06T20:10:00Z,1f8259cdeb29bfd068ffa5cbaea3e8d7
Matt Olson,hits,batter_hits,False,0.5,OVER,draftkings,-199,2.190697431564331,0.6749485577105528,0.9938761810723162,0.9938761810723162,0.6655518394648829,0.3283243416074333,80.0,90.0,85.0,0.5191911982388868,Seattle Mariners,Atlanta Braves,2026-05-06T20:10:00Z,1f8259cdeb29bfd068ffa5cbaea3e8d7
Matt Olson,hits,batter_hits,False,0.5,OVER,hardrockbet_oh,-220,2.190697431564331,0.6749485577105528,0.9938761810723162,0.9938761810723162,0.6875,0.30637618107231623,80.0,90.0,85.0,0.5191911982388868,Seattle Mariners,Atlanta Braves,2026-05-06T20:10:00Z,1f8259cdeb29bfd068ffa5cbaea3e8d7
Ozzie Albies,hits,batter_hits,False,0.5,OVER,hardrockbet_oh,-210,1.9090256690979004,0.6992058987801011,0.9780570983009995,0.9780570983009995,0.6774193548387096,0.3006377434622899,100.0,100.0,90.0,0.4370036867375632,Seattle Mariners,Atlanta Braves,2026-05-06T20:10:00Z,1f8259cdeb29bfd068ffa5cbaea3e8d7
Matt Olson,hits,batter_hits,False,0.5,OVER,hardrockbet,-195,2.190697431564331,0.6749485577105528,0.9938761810723162,0.9938761810723162,0.6610169491525424,0.33285923191977385,80.0,90.0,85.0,0.5191911982388868,Seattle Mariners,Atlanta Braves,2026-05-06T20:10:00Z,1f8259cdeb29bfd068ffa5cbaea3e8d7
Ozzie Albies,hits,batter_hits,False,0.5,OVER,hardrockbet,-210,1.9090256690979004,0.6992058987801011,0.9780570983009995,0.9780570983009995,0.6774193548387096,0.3006377434622899,100.0,100.0,90.0,0.4370036867375632,Seattle Mariners,Atlanta Braves,2026-05-06T20:10:00Z,1f8259cdeb29bfd068ffa5cbaea3e8d7
Jacob Wilson,hits,batter_hits,False,0.5,OVER,betonlineag,-323,1.8069144701957702,0.6749485577105528,0.9735855654320945,0.9735855654320945,0.7635933806146572,0.2099921848174373,100.0,90.0,85.0,0.5191911982388868,Philadelphia Phillies,Athletics,2026-05-06T22:41:00Z,8379550b6a949466b56d6ddffad2b2fe
Jacob Wilson,hits,batter_hits,False,0.5,OVER,hardrockbet_oh,-300,1.8069144701957702,0.6749485577105528,0.9735855654320945,0.9735855654320945,0.75,0.2235855654320945,100.0,90.0,85.0,0.5191911982388868,Philadelphia Phillies,Athletics,2026-05-06T22:41:00Z,8379550b6a949466b56d6ddffad2b2fe
Josh Jung,hits,batter_hits,False,0.5,OVER,fliff,-290,1.480774164199829,0.6992058987801011,0.9196464253366448,0.9196464253366448,0.7435897435897436,0.17605668174690114,100.0,100.0,90.0,0.4370036867375632,New York Yankees,Texas Rangers,2026-05-06T23:06:00Z,895be7e0cbc697eeffc1f4c9fb60613b
Josh Jung,hits,batter_hits,False,0.5,OVER,betonlineag,-233,1.480774164199829,0.6992058987801011,0.9196464253366448,0.9196464253366448,0.6996996996996997,0.21994672563694506,100.0,100.0,90.0,0.4370036867375632,New York Yankees,Texas Rangers,2026-05-06T23:06:00Z,895be7e0cbc697eeffc1f4c9fb60613b
Josh Jung,hits,batter_hits,False,0.5,OVER,draftkings,-272,1.480774164199829,0.6992058987801011,0.9196464253366448,0.9196464253366448,0.7311827956989247,0.18846362963772,100.0,100.0,90.0,0.4370036867375632,New York Yankees,Texas Rangers,2026-05-06T23:06:00Z,895be7e0cbc697eeffc1f4c9fb60613b
Josh Jung,hits,batter_hits,False,0.5,OVER,hardrockbet_oh,-300,1.480774164199829,0.6992058987801011,0.9196464253366448,0.9196464253366448,0.75,0.16964642533664476,100.0,100.0,90.0,0.4370036867375632,New York Yankees,Texas Rangers,2026-05-06T23:06:00Z,895be7e0cbc697eeffc1f4c9fb60613b
Josh Jung,hits,batter_hits,False,0.5,OVER,hardrockbet,-260,1.480774164199829,0.6992058987801011,0.9196464253366448,0.9196464253366448,0.7222222222222222,0.19742420311442255,100.0,100.0,90.0,0.4370036867375632,New York Yankees,Texas Rangers,2026-05-06T23:06:00Z,895be7e0cbc697eeffc1f4c9fb60613b
Josh Jung,hits,batter_hits,False,0.5,OVER,betmgm,-210,1.480774164199829,0.6992058987801011,0.9196464253366448,0.9196464253366448,0.6774193548387096,0.24222707049793513,100.0,100.0,90.0,0.4370036867375632,New York Yankees,Texas Rangers,2026-05-06T23:06:00Z,895be7e0cbc697eeffc1f4c9fb60613b
Nico Hoerner,hits,batter_hits,False,0.5,OVER,betonlineag,-417,1.4722927474975587,0.5676462121975466,0.9566299197176363,0.9566299197176363,0.8065764023210832,0.15005351739655315,100.0,90.0,80.0,0.5160420110886789,Chicago Cubs,Cincinnati Reds,2026-05-06T23:41:00Z,a524558d8c67f4e0116d63123b26e426
Pete Crow-Armstrong,hits,batter_hits,False,0.5,OVER,betonlineag,-172,1.4511110401153564,0.4216370213557839,0.987957101240085,0.987957101240085,0.6323529411764706,0.3556041600636144,80.0,80.0,70.0,0.5270462766947299,Chicago Cubs,Cincinnati Reds,2026-05-06T23:41:00Z,a524558d8c67f4e0116d63123b26e426
Pete Crow-Armstrong,hits,batter_hits,False,0.5,OVER,fliff,-200,1.4511110401153564,0.4216370213557839,0.987957101240085,0.987957101240085,0.6666666666666666,0.3212904345734183,80.0,80.0,70.0,0.5270462766947299,Chicago Cubs,Cincinnati Reds,2026-05-06T23:41:00Z,a524558d8c67f4e0116d63123b26e426
Pete Crow-Armstrong,hits,batter_hits,False,0.5,OVER,draftkings,-191,1.4511110401153564,0.4216370213557839,0.987957101240085,0.987957101240085,0.6563573883161512,0.33159971292393375,80.0,80.0,70.0,0.5270462766947299,Chicago Cubs,Cincinnati Reds,2026-05-06T23:41:00Z,a524558d8c67f4e0116d63123b26e426
Nico Hoerner,hits,batter_hits,False,0.5,OVER,hardrockbet_oh,-425,1.4722927474975587,0.5676462121975466,0.9566299197176363,0.9566299197176363,0.8095238095238095,0.1471061101938268,100.0,90.0,80.0,0.5160420110886789,Chicago Cubs,Cincinnati Reds,2026-05-06T23:41:00Z,a524558d8c67f4e0116d63123b26e426
Pete Crow-Armstrong,hits,batter_hits,False,0.5,OVER,hardrockbet_oh,-210,1.4511110401153564,0.4216370213557839,0.987957101240085,0.987957101240085,0.6774193548387096,0.3105377464013753,80.0,80.0,70.0,0.5270462766947299,Chicago Cubs,Cincinnati Reds,2026-05-06T23:41:00Z,a524558d8c67f4e0116d63123b26e426
Pete Crow-Armstrong,hits,batter_hits,False,0.5,OVER,hardrockbet,-185,1.4511110401153564,0.4216370213557839,0.987957101240085,0.987957101240085,0.6491228070175439,0.3388342942225411,80.0,80.0,70.0,0.5270462766947299,Chicago Cubs,Cincinnati Reds,2026-05-06T23:41:00Z,a524558d8c67f4e0116d63123b26e426
Pete Crow-Armstrong,hits,batter_hits,False,0.5,OVER,betmgm,-155,1.4511110401153564,0.4216370213557839,0.987957101240085,0.987957101240085,0.6078431372549019,0.38011396398518305,80.0,80.0,70.0,0.5270462766947299,Chicago Cubs,Cincinnati Reds,2026-05-06T23:41:00Z,a524558d8c67f4e0116d63123b26e426
Bobby Witt Jr.,hits,batter_hits,False,0.5,OVER,betonlineag,-417,1.6302419900894165,0.6749485577105528,0.952989722919465,0.952989722919465,0.8065764023210832,0.14641332059838186,100.0,90.0,85.0,0.5191911982388868,Kansas City Royals,Cleveland Guardians,2026-05-06T23:41:00Z,30d2a93f1ca79f37c19806e74ed1cdab
Bobby Witt Jr.,hits,batter_hits,False,0.5,OVER,hardrockbet_oh,-325,1.6302419900894165,0.6749485577105528,0.952989722919465,0.952989722919465,0.7647058823529411,0.18828384056652392,100.0,90.0,85.0,0.5191911982388868,Kansas City Royals,Cleveland Guardians,2026-05-06T23:41:00Z,30d2a93f1ca79f37c19806e74ed1cdab
Bobby Witt Jr.,hits,batter_hits,False,0.5,OVER,betmgm,-235,1.6302419900894165,0.6749485577105528,0.952989722919465,0.952989722919465,0.7014925373134329,0.2514971856060322,100.0,90.0,85.0,0.5191911982388868,Kansas City Royals,Cleveland Guardians,2026-05-06T23:41:00Z,30d2a93f1ca79f37c19806e74ed1cdab
Ivan Herrera,total_bases,batter_total_bases,False,0.5,OVER,betmgm,-200,5.799580307006836,1.286683937707919,0.999980956607751,0.999980956607751,0.6666666666666666,0.33331428994108436,80.0,80.0,85.0,0.677202072477852,St. Louis Cardinals,Milwaukee Brewers,2026-05-06T17:16:00Z,71fad9f636c723c1e774d7aa9651880b
Andy Pages,total_bases,batter_total_bases,False,0.5,OVER,betonlineag,-244,2.8376221656799316,0.8432740427115678,0.9972150231437703,0.9972150231437703,0.7093023255813954,0.2879126975623749,100.0,90.0,70.0,0.6023386019368342,Houston Astros,Los Angeles Dodgers,2026-05-06T18:11:00Z,de734f0e0ca302bf4a6c20844ec6127c
Chase Meidroth,total_bases,batter_total_bases,False,0.5,OVER,hardrockbet_oh,-200,2.4155359268188477,0.7888106377466155,0.9924168831453639,0.9924168831453639,0.6666666666666666,0.3257502164786973,100.0,80.0,80.0,0.6573421981221796,Los Angeles Angels,Chicago White Sox,2026-05-06T20:08:00Z,7c30fa11564865dd19f2a9c4a7e9d937
Chase Meidroth,total_bases,batter_total_bases,False,0.5,OVER,betonlineag,-217,2.4155359268188477,0.7888106377466155,0.9924168831453639,0.9924168831453639,0.6845425867507886,0.3078742963945753,100.0,80.0,80.0,0.6573421981221796,Los Angeles Angels,Chicago White Sox,2026-05-06T20:08:00Z,7c30fa11564865dd19f2a9c4a7e9d937
Chase Meidroth,total_bases,batter_total_bases,False,0.5,OVER,williamhill_us,-197,2.4155359268188477,0.7888106377466155,0.9924168831453639,0.9924168831453639,0.6632996632996633,0.32911721984570064,100.0,80.0,80.0,0.6573421981221796,Los Angeles Angels,Chicago White Sox,2026-05-06T20:08:00Z,7c30fa11564865dd19f2a9c4a7e9d937
Chase Meidroth,total_bases,batter_total_bases,False,0.5,OVER,betmgm,-190,2.4155359268188477,0.7888106377466155,0.9924168831453639,0.9924168831453639,0.6551724137931034,0.3372444693522605,100.0,80.0,80.0,0.6573421981221796,Los Angeles Angels,Chicago White Sox,2026-05-06T20:08:00Z,7c30fa11564865dd19f2a9c4a7e9d937
Matt Olson,total_bases,batter_total_bases,False,1.5,OVER,fliff,105,7.797825813293457,1.4757295747452437,0.9999901207080567,0.9999901207080567,0.4878048780487805,0.5121852426592762,80.0,90.0,80.0,0.46116549210788865,Seattle Mariners,Atlanta Braves,2026-05-06T20:10:00Z,1f8259cdeb29bfd068ffa5cbaea3e8d7
Ozzie Albies,total_bases,batter_total_bases,False,1.5,OVER,fliff,120,4.655073642730713,1.247219128924647,0.9942917791329506,0.9942917791329506,0.45454545454545453,0.539746324587496,100.0,90.0,70.0,0.415739709641549,Seattle Mariners,Atlanta Braves,2026-05-06T20:10:00Z,1f8259cdeb29bfd068ffa5cbaea3e8d7
Ozzie Albies,total_bases,batter_total_bases,False,1.5,OVER,betonlineag,136,4.655073642730713,1.247219128924647,0.9942917791329506,0.9942917791329506,0.423728813559322,0.5705629655736286,100.0,90.0,70.0,0.415739709641549,Seattle Mariners,Atlanta Braves,2026-05-06T20:10:00Z,1f8259cdeb29bfd068ffa5cbaea3e8d7
Ozzie Albies,total_bases,batter_total_bases,False,0.5,OVER,betonlineag,-244,5.567904472351074,1.247219128924647,0.9999758146755716,0.9999758146755716,0.7093023255813954,0.29067348909417623,100.0,100.0,90.0,0.415739709641549,Seattle Mariners,Atlanta Braves,2026-05-06T20:10:00Z,1f8259cdeb29bfd068ffa5cbaea3e8d7
Matt Olson,total_bases,batter_total_bases,False,1.5,OVER,betonlineag,115,7.797825813293457,1.4757295747452437,0.9999901207080567,0.9999901207080567,0.46511627906976744,0.5348738416382892,80.0,90.0,80.0,0.46116549210788865,Seattle Mariners,Atlanta Braves,2026-05-06T20:10:00Z,1f8259cdeb29bfd068ffa5cbaea3e8d7
Matt Olson,total_bases,batter_total_bases,False,0.5,OVER,betonlineag,-323,7.901871681213379,1.4757295747452437,0.9999997358474546,0.9999997358474546,0.7635933806146572,0.2364063552327974,80.0,90.0,85.0,0.46116549210788865,Seattle Mariners,Atlanta Braves,2026-05-06T20:10:00Z,1f8259cdeb29bfd068ffa5cbaea3e8d7
Ozzie Albies,total_bases,batter_total_bases,False,1.5,OVER,rebet,125,4.655073642730713,1.247219128924647,0.9942917791329506,0.9942917791329506,0.4444444444444444,0.5498473346885062,100.0,90.0,70.0,0.415739709641549,Seattle Mariners,Atlanta Braves,2026-05-06T20:10:00Z,1f8259cdeb29bfd068ffa5cbaea3e8d7
Matt Olson,total_bases,batter_total_bases,False,1.5,OVER,rebet,107,7.797825813293457,1.4757295747452437,0.9999901207080567,0.9999901207080567,0.4830917874396135,0.5168983332684431,80.0,90.0,80.0,0.46116549210788865,Seattle Mariners,Atlanta Braves,2026-05-06T20:10:00Z,1f8259cdeb29bfd068ffa5cbaea3e8d7
Ozzie Albies,total_bases,batter_total_bases,False,1.5,OVER,mybookieag,125,4.655073642730713,1.247219128924647,0.9942917791329506,0.9942917791329506,0.4444444444444444,0.5498473346885062,100.0,90.0,70.0,0.415739709641549,Seattle Mariners,Atlanta Braves,2026-05-06T20:10:00Z,1f8259cdeb29bfd068ffa5cbaea3e8d7
Matt Olson,total_bases,batter_total_bases,False,1.5,OVER,mybookieag,107,7.797825813293457,1.4757295747452437,0.9999901207080567,0.9999901207080567,0.4830917874396135,0.5168983332684431,80.0,90.0,80.0,0.46116549210788865,Seattle Mariners,Atlanta Braves,2026-05-06T20:10:00Z,1f8259cdeb29bfd068ffa5cbaea3e8d7
Matt Olson,total_bases,batter_total_bases,False,1.5,OVER,draftkings,112,7.797825813293457,1.4757295747452437,0.9999901207080567,0.9999901207080567,0.4716981132075472,0.5282920075005095,80.0,90.0,80.0,0.46116549210788865,Seattle Mariners,Atlanta Braves,2026-05-06T20:10:00Z,1f8259cdeb29bfd068ffa5cbaea3e8d7
Ozzie Albies,total_bases,batter_total_bases,False,1.5,OVER,draftkings,141,4.655073642730713,1.247219128924647,0.9942917791329506,0.9942917791329506,0.4149377593360996,0.579354019796851,100.0,90.0,70.0,0.415739709641549,Seattle Mariners,Atlanta Braves,2026-05-06T20:10:00Z,1f8259cdeb29bfd068ffa5cbaea3e8d7
Ozzie Albies,total_bases,batter_total_bases,False,1.5,OVER,williamhill_us,136,4.655073642730713,1.247219128924647,0.9942917791329506,0.9942917791329506,0.423728813559322,0.5705629655736286,100.0,90.0,70.0,0.415739709641549,Seattle Mariners,Atlanta Braves,2026-05-06T20:10:00Z,1f8259cdeb29bfd068ffa5cbaea3e8d7
Matt Olson,total_bases,batter_total_bases,False,1.5,OVER,williamhill_us,110,7.797825813293457,1.4757295747452437,0.9999901207080567,0.9999901207080567,0.47619047619047616,0.5237996445175805,80.0,90.0,80.0,0.46116549210788865,Seattle Mariners,Atlanta Braves,2026-05-06T20:10:00Z,1f8259cdeb29bfd068ffa5cbaea3e8d7
Ozzie Albies,total_bases,batter_total_bases,False,1.5,OVER,hardrockbet_oh,135,4.655073642730713,1.247219128924647,0.9942917791329506,0.9942917791329506,0.425531914893617,0.5687598642393337,100.0,90.0,70.0,0.415739709641549,Seattle Mariners,Atlanta Braves,2026-05-06T20:10:00Z,1f8259cdeb29bfd068ffa5cbaea3e8d7
Matt Olson,total_bases,batter_total_bases,False,1.5,OVER,hardrockbet_oh,110,7.797825813293457,1.4757295747452437,0.9999901207080567,0.9999901207080567,0.47619047619047616,0.5237996445175805,80.0,90.0,80.0,0.46116549210788865,Seattle Mariners,Atlanta Braves,2026-05-06T20:10:00Z,1f8259cdeb29bfd068ffa5cbaea3e8d7
Matt Olson,total_bases,batter_total_bases,False,1.5,OVER,hardrockbet,115,7.797825813293457,1.4757295747452437,0.9999901207080567,0.9999901207080567,0.46511627906976744,0.5348738416382892,80.0,90.0,80.0,0.46116549210788865,Seattle Mariners,Atlanta Braves,2026-05-06T20:10:00Z,1f8259cdeb29bfd068ffa5cbaea3e8d7
Ozzie Albies,total_bases,batter_total_bases,False,1.5,OVER,hardrockbet,135,4.655073642730713,1.247219128924647,0.9942917791329506,0.9942917791329506,0.425531914893617,0.5687598642393337,100.0,90.0,70.0,0.415739709641549,Seattle Mariners,Atlanta Braves,2026-05-06T20:10:00Z,1f8259cdeb29bfd068ffa5cbaea3e8d7
Matt Olson,total_bases,batter_total_bases,False,1.5,OVER,bovada,115,7.797825813293457,1.4757295747452437,0.9999901207080567,0.9999901207080567,0.46511627906976744,0.5348738416382892,80.0,90.0,80.0,0.46116549210788865,Seattle Mariners,Atlanta Braves,2026-05-06T20:10:00Z,1f8259cdeb29bfd068ffa5cbaea3e8d7
Ozzie Albies,total_bases,batter_total_bases,False,1.5,OVER,bovada,140,4.655073642730713,1.247219128924647,0.9942917791329506,0.9942917791329506,0.4166666666666667,0.5776251124662839,100.0,90.0,70.0,0.415739709641549,Seattle Mariners,Atlanta Braves,2026-05-06T20:10:00Z,1f8259cdeb29bfd068ffa5cbaea3e8d7
Brandon Marsh,total_bases,batter_total_bases,False,0.5,OVER,fliff,-200,4.270065021514893,0.9660917830792959,0.9999523758508168,0.9999523758508168,0.6666666666666666,0.3332857091841501,100.0,90.0,75.0,0.6038073644245598,Philadelphia Phillies,Athletics,2026-05-06T22:41:00Z,8379550b6a949466b56d6ddffad2b2fe
Brandon Marsh,total_bases,batter_total_bases,False,0.5,OVER,betonlineag,-164,4.270065021514893,0.9660917830792959,0.9999523758508168,0.9999523758508168,0.6212121212121212,0.37874025463869554,100.0,90.0,75.0,0.6038073644245598,Philadelphia Phillies,Athletics,2026-05-06T22:41:00Z,8379550b6a949466b56d6ddffad2b2fe
Jacob Wilson,total_bases,batter_total_bases,False,0.5,OVER,betonlineag,-286,3.7916524410247803,1.07496769977314,0.9989010289255568,0.9989010289255568,0.7409326424870466,0.25796838643851017,100.0,90.0,85.0,0.6718548123582125,Philadelphia Phillies,Athletics,2026-05-06T22:41:00Z,8379550b6a949466b56d6ddffad2b2fe
Brandon Marsh,total_bases,batter_total_bases,False,0.5,OVER,rebet,-168,4.270065021514893,0.9660917830792959,0.9999523758508168,0.9999523758508168,0.6268656716417911,0.3730867042090257,100.0,90.0,75.0,0.6038073644245598,Philadelphia Phillies,Athletics,2026-05-06T22:41:00Z,8379550b6a949466b56d6ddffad2b2fe
Brandon Marsh,total_bases,batter_total_bases,False,0.5,OVER,mybookieag,-168,4.270065021514893,0.9660917830792959,0.9999523758508168,0.9999523758508168,0.6268656716417911,0.3730867042090257,100.0,90.0,75.0,0.6038073644245598,Philadelphia Phillies,Athletics,2026-05-06T22:41:00Z,8379550b6a949466b56d6ddffad2b2fe
Otto Lopez,total_bases,batter_total_bases,False,0.5,OVER,betonlineag,-294,2.4630157470703122,1.449137674618944,0.9122290069249142,0.9122290069249142,0.7461928934010152,0.1660361135238989,100.0,90.0,90.0,0.6900655593423541,Miami Marlins,Baltimore Orioles,2026-05-06T22:41:00Z,7dd3ac6bd80317fdd884080b8d94dd77
Trevor Story,total_bases,batter_total_bases,False,0.5,OVER,betonlineag,-233,2.677088737487793,0.7378647873726218,0.9984138297897228,0.9984138297897228,0.6996996996996997,0.2987141300900231,100.0,80.0,75.0,0.6707861703387471,Detroit Tigers,Boston Red Sox,2026-05-06T22:41:00Z,4a14bd2383b640b8cf105c59c99fa882
Willson Contreras,total_bases,batter_total_bases,False,0.5,OVER,betonlineag,-250,4.911928653717041,1.888562063228706,0.9902577962153634,0.9902577962153634,0.7142857142857143,0.27597208192964906,80.0,90.0,70.0,0.6994674308254466,Detroit Tigers,Boston Red Sox,2026-05-06T22:41:00Z,4a14bd2383b640b8cf105c59c99fa882
Josh Jung,total_bases,batter_total_bases,False,0.5,OVER,betonlineag,-256,3.2247185707092285,1.1595018087284057,0.9906108869996006,0.9906108869996006,0.7191011235955056,0.27150976340409505,100.0,100.0,90.0,0.5041312211862634,New York Yankees,Texas Rangers,2026-05-06T23:06:00Z,895be7e0cbc697eeffc1f4c9fb60613b
Nico Hoerner,total_bases,batter_total_bases,False,0.5,OVER,betonlineag,-286,3.145050926208496,0.8432740427115679,0.999145534124768,0.999145534124768,0.7409326424870466,0.25821289163772143,100.0,90.0,80.0,0.6023386019368343,Chicago Cubs,Cincinnati Reds,2026-05-06T23:41:00Z,a524558d8c67f4e0116d63123b26e426
Pedro Pages,strikeouts,batter_strikeouts,False,0.5,OVER,betmgm,-185,1.6712608337402344,0.8232726023485646,0.9225868272688916,0.9225868272688916,0.6491228070175439,0.27346402025134775,100.0,80.0,70.0,0.6332866171912035,St. Louis Cardinals,Milwaukee Brewers,2026-05-06T17:16:00Z,71fad9f636c723c1e774d7aa9651880b
Joe Mack,strikeouts,batter_strikeouts,False,0.5,OVER,betmgm,-175,0.7546148896217346,0.42163702135578396,0.727035704581029,0.727035704581029,0.6363636363636364,0.0906720682173926,80.0,80.0,81.81818181818181,0.5270462766947299,Miami Marlins,Baltimore Orioles,2026-05-06T22:41:00Z,7dd3ac6bd80317fdd884080b8d94dd77
CJ Abrams,strikeouts,batter_strikeouts,False,0.5,OVER,fliff,-125,1.2822887897491455,0.5676462121975466,0.9159180189923726,0.9159180189923726,0.5555555555555556,0.360362463436817,80.0,80.0,70.0,0.6307180135528295,Washington Nationals,Minnesota Twins,2026-05-06T22:46:00Z,50bf885c9e829f1de48161f3ec47e5dc
CJ Abrams,strikeouts,batter_strikeouts,False,0.5,OVER,betmgm,-110,1.2822887897491455,0.5676462121975466,0.9159180189923726,0.9159180189923726,0.5238095238095238,0.39210849518284874,80.0,80.0,70.0,0.6307180135528295,Washington Nationals,Minnesota Twins,2026-05-06T22:46:00Z,50bf885c9e829f1de48161f3ec47e5dc
Royce Lewis,strikeouts,batter_strikeouts,False,0.5,OVER,betmgm,-135,1.0137715339660645,0.8432740427115678,0.7288233096762758,0.7288233096762758,0.574468085106383,0.1543552245698928,100.0,80.0,70.0,0.6023386019368342,Washington Nationals,Minnesota Twins,2026-05-06T22:46:00Z,50bf885c9e829f1de48161f3ec47e5dc
Kody Clemens,strikeouts,batter_strikeouts,False,0.5,OVER,betmgm,-190,1.2084338665008545,0.5676462121975466,0.8939881466211772,0.8939881466211772,0.6551724137931034,0.23881573282807378,80.0,80.0,85.0,0.6307180135528295,Washington Nationals,Minnesota Twins,2026-05-06T22:46:00Z,50bf885c9e829f1de48161f3ec47e5dc
Andy Pages,hits,batter_hits_alternate,True,0.5,OVER,fanduel,-210,1.7864964008331299,0.4714045207910317,0.9968243484878863,0.9968243484878863,0.6774193548387096,0.3194049936491766,100.0,90.0,70.0,0.4714045207910317,Houston Astros,Los Angeles Dodgers,2026-05-06T18:11:00Z,de734f0e0ca302bf4a6c20844ec6127c
Andy Pages,hits,batter_hits_alternate,True,0.5,OVER,fanatics,-205,1.7864964008331299,0.4714045207910317,0.9968243484878863,0.9968243484878863,0.6721311475409836,0.3246932009469027,100.0,90.0,70.0,0.4714045207910317,Houston Astros,Los Angeles Dodgers,2026-05-06T18:11:00Z,de734f0e0ca302bf4a6c20844ec6127c
Andy Pages,hits,batter_hits_alternate,True,0.5,OVER,rebet,-216,1.7864964008331299,0.4714045207910317,0.9968243484878863,0.9968243484878863,0.6835443037974683,0.3132800446904179,100.0,90.0,70.0,0.4714045207910317,Houston Astros,Los Angeles Dodgers,2026-05-06T18:11:00Z,de734f0e0ca302bf4a6c20844ec6127c
Andy Pages,hits,batter_hits_alternate,True,0.5,OVER,mybookieag,-255,1.7864964008331299,0.4714045207910317,0.9968243484878863,0.9968243484878863,0.7183098591549296,0.27851448933295664,100.0,90.0,70.0,0.4714045207910317,Houston Astros,Los Angeles Dodgers,2026-05-06T18:11:00Z,de734f0e0ca302bf4a6c20844ec6127c
Andy Pages,hits,batter_hits_alternate,True,0.5,OVER,williamhill_us,-205,1.7864964008331299,0.4714045207910317,0.9968243484878863,0.9968243484878863,0.6721311475409836,0.3246932009469027,100.0,90.0,70.0,0.4714045207910317,Houston Astros,Los Angeles Dodgers,2026-05-06T18:11:00Z,de734f0e0ca302bf4a6c20844ec6127c
Andy Pages,hits,batter_hits_alternate,True,0.5,OVER,draftkings,-208,1.7864964008331299,0.4714045207910317,0.9968243484878863,0.9968243484878863,0.6753246753246753,0.32149967316321093,100.0,90.0,70.0,0.4714045207910317,Houston Astros,Los Angeles Dodgers,2026-05-06T18:11:00Z,de734f0e0ca302bf4a6c20844ec6127c
Andy Pages,hits,batter_hits_alternate,True,0.5,OVER,hardrockbet,-200,1.7864964008331299,0.4714045207910317,0.9968243484878863,0.9968243484878863,0.6666666666666666,0.33015768182121963,100.0,90.0,70.0,0.4714045207910317,Houston Astros,Los Angeles Dodgers,2026-05-06T18:11:00Z,de734f0e0ca302bf4a6c20844ec6127c
Andy Pages,hits,batter_hits_alternate,True,0.5,OVER,betmgm,-210,1.7864964008331299,0.4714045207910317,0.9968243484878863,0.9968243484878863,0.6774193548387096,0.3194049936491766,100.0,90.0,70.0,0.4714045207910317,Houston Astros,Los Angeles Dodgers,2026-05-06T18:11:00Z,de734f0e0ca302bf4a6c20844ec6127c
Miguel Vargas,hits,batter_hits_alternate,True,0.5,OVER,fanduel,-190,1.3663334846496582,0.5676462121975467,0.936518177805538,0.936518177805538,0.6551724137931034,0.2813457640124346,100.0,90.0,75.0,0.5160420110886789,Los Angeles Angels,Chicago White Sox,2026-05-06T20:08:00Z,7c30fa11564865dd19f2a9c4a7e9d937
Jorge Soler,hits,batter_hits_alternate,True,0.5,OVER,fanduel,-160,1.3553304362297058,0.4714045207910317,0.9651942135542287,0.9651942135542287,0.6153846153846154,0.3498095981696133,80.0,90.0,75.0,0.4714045207910317,Los Angeles Angels,Chicago White Sox,2026-05-06T20:08:00Z,7c30fa11564865dd19f2a9c4a7e9d937
Jorge Soler,hits,batter_hits_alternate,True,0.5,OVER,fanatics,-150,1.3553304362297058,0.4714045207910317,0.9651942135542287,0.9651942135542287,0.6,0.36519421355422876,80.0,90.0,75.0,0.4714045207910317,Los Angeles Angels,Chicago White Sox,2026-05-06T20:08:00Z,7c30fa11564865dd19f2a9c4a7e9d937
Miguel Vargas,hits,batter_hits_alternate,True,0.5,OVER,fanatics,-170,1.3663334846496582,0.5676462121975467,0.936518177805538,0.936518177805538,0.6296296296296297,0.3068885481759084,100.0,90.0,75.0,0.5160420110886789,Los Angeles Angels,Chicago White Sox,2026-05-06T20:08:00Z,7c30fa11564865dd19f2a9c4a7e9d937
Miguel Vargas,hits,batter_hits_alternate,True,0.5,OVER,rebet,-192,1.3663334846496582,0.5676462121975467,0.936518177805538,0.936518177805538,0.6575342465753424,0.2789839312301956,100.0,90.0,75.0,0.5160420110886789,Los Angeles Angels,Chicago White Sox,2026-05-06T20:08:00Z,7c30fa11564865dd19f2a9c4a7e9d937
Jorge Soler,hits,batter_hits_alternate,True,0.5,OVER,rebet,-160,1.3553304362297058,0.4714045207910317,0.9651942135542287,0.9651942135542287,0.6153846153846154,0.3498095981696133,80.0,90.0,75.0,0.4714045207910317,Los Angeles Angels,Chicago White Sox,2026-05-06T20:08:00Z,7c30fa11564865dd19f2a9c4a7e9d937
Jorge Soler,hits,batter_hits_alternate,True,0.5,OVER,hardrockbet,-160,1.3553304362297058,0.4714045207910317,0.9651942135542287,0.9651942135542287,0.6153846153846154,0.3498095981696133,80.0,90.0,75.0,0.4714045207910317,Los Angeles Angels,Chicago White Sox,2026-05-06T20:08:00Z,7c30fa11564865dd19f2a9c4a7e9d937
Miguel Vargas,hits,batter_hits_alternate,True,0.5,OVER,hardrockbet,-195,1.3663334846496582,0.5676462121975467,0.936518177805538,0.936518177805538,0.6610169491525424,0.27550122865299564,100.0,90.0,75.0,0.5160420110886789,Los Angeles Angels,Chicago White Sox,2026-05-06T20:08:00Z,7c30fa11564865dd19f2a9c4a7e9d937
Jorge Soler,hits,batter_hits_alternate,True,0.5,OVER,williamhill_us,-159,1.3553304362297058,0.4714045207910317,0.9651942135542287,0.9651942135542287,0.6138996138996139,0.35129459965461485,80.0,90.0,75.0,0.4714045207910317,Los Angeles Angels,Chicago White Sox,2026-05-06T20:08:00Z,7c30fa11564865dd19f2a9c4a7e9d937
Miguel Vargas,hits,batter_hits_alternate,True,0.5,OVER,williamhill_us,-182,1.3663334846496582,0.5676462121975467,0.936518177805538,0.936518177805538,0.6453900709219859,0.2911281068835522,100.0,90.0,75.0,0.5160420110886789,Los Angeles Angels,Chicago White Sox,2026-05-06T20:08:00Z,7c30fa11564865dd19f2a9c4a7e9d937
Miguel Vargas,hits,batter_hits_alternate,True,0.5,OVER,draftkings,-206,1.3663334846496582,0.5676462121975467,0.936518177805538,0.936518177805538,0.673202614379085,0.263315563426453,100.0,90.0,75.0,0.5160420110886789,Los Angeles Angels,Chicago White Sox,2026-05-06T20:08:00Z,7c30fa11564865dd19f2a9c4a7e9d937
Jorge Soler,hits,batter_hits_alternate,True,0.5,OVER,draftkings,-164,1.3553304362297058,0.4714045207910317,0.9651942135542287,0.9651942135542287,0.6212121212121212,0.3439820923421075,80.0,90.0,75.0,0.4714045207910317,Los Angeles Angels,Chicago White Sox,2026-05-06T20:08:00Z,7c30fa11564865dd19f2a9c4a7e9d937
Jorge Soler,hits,batter_hits_alternate,True,0.5,OVER,betmgm,-150,1.3553304362297058,0.4714045207910317,0.9651942135542287,0.9651942135542287,0.6,0.36519421355422876,80.0,90.0,75.0,0.4714045207910317,Los Angeles Angels,Chicago White Sox,2026-05-06T20:08:00Z,7c30fa11564865dd19f2a9c4a7e9d937
Miguel Vargas,hits,batter_hits_alternate,True,0.5,OVER,betmgm,-165,1.3663334846496582,0.5676462121975467,0.936518177805538,0.936518177805538,0.6226415094339622,0.3138766683715758,100.0,90.0,75.0,0.5160420110886789,Los Angeles Angels,Chicago White Sox,2026-05-06T20:08:00Z,7c30fa11564865dd19f2a9c4a7e9d937
Jorge Soler,hits,batter_hits_alternate,True,0.5,OVER,mybookieag,-186,1.3553304362297058,0.4714045207910317,0.9651942135542287,0.9651942135542287,0.6503496503496503,0.31484456320457843,80.0,90.0,75.0,0.4714045207910317,Los Angeles Angels,Chicago White Sox,2026-05-06T20:08:00Z,7c30fa11564865dd19f2a9c4a7e9d937
Miguel Vargas,hits,batter_hits_alternate,True,0.5,OVER,mybookieag,-222,1.3663334846496582,0.5676462121975467,0.936518177805538,0.936518177805538,0.6894409937888198,0.2470771840167182,100.0,90.0,75.0,0.5160420110886789,Los Angeles Angels,Chicago White Sox,2026-05-06T20:08:00Z,7c30fa11564865dd19f2a9c4a7e9d937
Ozzie Albies,hits,batter_hits_alternate,True,0.5,OVER,fanduel,-230,1.9090256690979004,0.6992058987801011,0.9780570983009995,0.9780570983009995,0.696969696969697,0.2810874013313025,100.0,100.0,90.0,0.4370036867375632,Seattle Mariners,Atlanta Braves,2026-05-06T20:10:00Z,1f8259cdeb29bfd068ffa5cbaea3e8d7
Matt Olson,hits,batter_hits_alternate,True,0.5,OVER,fanduel,-210,2.190697431564331,0.6749485577105528,0.9938761810723162,0.9938761810723162,0.6774193548387096,0.3164568262336066,80.0,90.0,85.0,0.5191911982388868,Seattle Mariners,Atlanta Braves,2026-05-06T20:10:00Z,1f8259cdeb29bfd068ffa5cbaea3e8d7
Ozzie Albies,hits,batter_hits_alternate,True,0.5,OVER,fanatics,-205,1.9090256690979004,0.6992058987801011,0.9780570983009995,0.9780570983009995,0.6721311475409836,0.30592595076001594,100.0,100.0,90.0,0.4370036867375632,Seattle Mariners,Atlanta Braves,2026-05-06T20:10:00Z,1f8259cdeb29bfd068ffa5cbaea3e8d7
Matt Olson,hits,batter_hits_alternate,True,0.5,OVER,fanatics,-205,2.190697431564331,0.6749485577105528,0.9938761810723162,0.9938761810723162,0.6721311475409836,0.32174503353133266,80.0,90.0,85.0,0.5191911982388868,Seattle Mariners,Atlanta Braves,2026-05-06T20:10:00Z,1f8259cdeb29bfd068ffa5cbaea3e8d7
Ozzie Albies,hits,batter_hits_alternate,True,0.5,OVER,rebet,-226,1.9090256690979004,0.6992058987801011,0.9780570983009995,0.9780570983009995,0.6932515337423313,0.28480556455866823,100.0,100.0,90.0,0.4370036867375632,Seattle Mariners,Atlanta Braves,2026-05-06T20:10:00Z,1f8259cdeb29bfd068ffa5cbaea3e8d7
Matt Olson,hits,batter_hits_alternate,True,0.5,OVER,rebet,-212,2.190697431564331,0.6749485577105528,0.9938761810723162,0.9938761810723162,0.6794871794871795,0.3143890015851367,80.0,90.0,85.0,0.5191911982388868,Seattle Mariners,Atlanta Braves,2026-05-06T20:10:00Z,1f8259cdeb29bfd068ffa5cbaea3e8d7
Ozzie Albies,hits,batter_hits_alternate,True,0.5,OVER,mybookieag,-275,1.9090256690979004,0.6992058987801011,0.9780570983009995,0.9780570983009995,0.7333333333333333,0.24472376496766624,100.0,100.0,90.0,0.4370036867375632,Seattle Mariners,Atlanta Braves,2026-05-06T20:10:00Z,1f8259cdeb29bfd068ffa5cbaea3e8d7
Matt Olson,hits,batter_hits_alternate,True,0.5,OVER,mybookieag,-255,2.190697431564331,0.6749485577105528,0.9938761810723162,0.9938761810723162,0.7183098591549296,0.2755663219173866,80.0,90.0,85.0,0.5191911982388868,Seattle Mariners,Atlanta Braves,2026-05-06T20:10:00Z,1f8259cdeb29bfd068ffa5cbaea3e8d7
Ozzie Albies,hits,batter_hits_alternate,True,0.5,OVER,draftkings,-204,1.9090256690979004,0.6992058987801011,0.9780570983009995,0.9780570983009995,0.6710526315789473,0.30700446672205217,100.0,100.0,90.0,0.4370036867375632,Seattle Mariners,Atlanta Braves,2026-05-06T20:10:00Z,1f8259cdeb29bfd068ffa5cbaea3e8d7
Matt Olson,hits,batter_hits_alternate,True,0.5,OVER,draftkings,-202,2.190697431564331,0.6749485577105528,0.9938761810723162,0.9938761810723162,0.6688741721854304,0.3250020088868858,80.0,90.0,85.0,0.5191911982388868,Seattle Mariners,Atlanta Braves,2026-05-06T20:10:00Z,1f8259cdeb29bfd068ffa5cbaea3e8d7
Ozzie Albies,hits,batter_hits_alternate,True,0.5,OVER,williamhill_us,-209,1.9090256690979004,0.6992058987801011,0.9780570983009995,0.9780570983009995,0.6763754045307443,0.3016816937702552,100.0,100.0,90.0,0.4370036867375632,Seattle Mariners,Atlanta Braves,2026-05-06T20:10:00Z,1f8259cdeb29bfd068ffa5cbaea3e8d7
Matt Olson,hits,batter_hits_alternate,True,0.5,OVER,williamhill_us,-200,2.190697431564331,0.6749485577105528,0.9938761810723162,0.9938761810723162,0.6666666666666666,0.3272095144056496,80.0,90.0,85.0,0.5191911982388868,Seattle Mariners,Atlanta Braves,2026-05-06T20:10:00Z,1f8259cdeb29bfd068ffa5cbaea3e8d7
Matt Olson,hits,batter_hits_alternate,True,0.5,OVER,hardrockbet,-195,2.190697431564331,0.6749485577105528,0.9938761810723162,0.9938761810723162,0.6610169491525424,0.33285923191977385,80.0,90.0,85.0,0.5191911982388868,Seattle Mariners,Atlanta Braves,2026-05-06T20:10:00Z,1f8259cdeb29bfd068ffa5cbaea3e8d7
Ozzie Albies,hits,batter_hits_alternate,True,0.5,OVER,hardrockbet,-210,1.9090256690979004,0.6992058987801011,0.9780570983009995,0.9780570983009995,0.6774193548387096,0.3006377434622899,100.0,100.0,90.0,0.4370036867375632,Seattle Mariners,Atlanta Braves,2026-05-06T20:10:00Z,1f8259cdeb29bfd068ffa5cbaea3e8d7
Jacob Wilson,hits,batter_hits_alternate,True,0.5,OVER,fanduel,-290,1.8069144701957702,0.6749485577105528,0.9735855654320945,0.9735855654320945,0.7435897435897436,0.2299958218423509,100.0,90.0,85.0,0.5191911982388868,Philadelphia Phillies,Athletics,2026-05-06T22:41:00Z,8379550b6a949466b56d6ddffad2b2fe
Jacob Wilson,hits,batter_hits_alternate,True,0.5,OVER,fanatics,-300,1.8069144701957702,0.6749485577105528,0.9735855654320945,0.9735855654320945,0.75,0.2235855654320945,100.0,90.0,85.0,0.5191911982388868,Philadelphia Phillies,Athletics,2026-05-06T22:41:00Z,8379550b6a949466b56d6ddffad2b2fe
Jacob Wilson,hits,batter_hits_alternate,True,0.5,OVER,rebet,-340,1.8069144701957702,0.6749485577105528,0.9735855654320945,0.9735855654320945,0.7727272727272727,0.2008582927048218,100.0,90.0,85.0,0.5191911982388868,Philadelphia Phillies,Athletics,2026-05-06T22:41:00Z,8379550b6a949466b56d6ddffad2b2fe
Jacob Wilson,hits,batter_hits_alternate,True,0.5,OVER,mybookieag,-410,1.8069144701957702,0.6749485577105528,0.9735855654320945,0.9735855654320945,0.803921568627451,0.1696639968046435,100.0,90.0,85.0,0.5191911982388868,Philadelphia Phillies,Athletics,2026-05-06T22:41:00Z,8379550b6a949466b56d6ddffad2b2fe
Jacob Wilson,hits,batter_hits_alternate,True,0.5,OVER,draftkings,-301,1.8069144701957702,0.6749485577105528,0.9735855654320945,0.9735855654320945,0.7506234413965087,0.2229621240355858,100.0,90.0,85.0,0.5191911982388868,Philadelphia Phillies,Athletics,2026-05-06T22:41:00Z,8379550b6a949466b56d6ddffad2b2fe
Jacob Wilson,hits,batter_hits_alternate,True,0.5,OVER,williamhill_us,-320,1.8069144701957702,0.6749485577105528,0.9735855654320945,0.9735855654320945,0.7619047619047619,0.21168080352733265,100.0,90.0,85.0,0.5191911982388868,Philadelphia Phillies,Athletics,2026-05-06T22:41:00Z,8379550b6a949466b56d6ddffad2b2fe
Jacob Wilson,hits,batter_hits_alternate,True,0.5,OVER,hardrockbet,-350,1.8069144701957702,0.6749485577105528,0.9735855654320945,0.9735855654320945,0.7777777777777778,0.19580778765431672,100.0,90.0,85.0,0.5191911982388868,Philadelphia Phillies,Athletics,2026-05-06T22:41:00Z,8379550b6a949466b56d6ddffad2b2fe
Josh Jung,hits,batter_hits_alternate,True,0.5,OVER,fanduel,-290,1.480774164199829,0.6992058987801011,0.9196464253366448,0.9196464253366448,0.7435897435897436,0.17605668174690114,100.0,100.0,90.0,0.4370036867375632,New York Yankees,Texas Rangers,2026-05-06T23:06:00Z,895be7e0cbc697eeffc1f4c9fb60613b
Josh Jung,hits,batter_hits_alternate,True,0.5,OVER,rebet,-246,1.480774164199829,0.6992058987801011,0.9196464253366448,0.9196464253366448,0.7109826589595376,0.20866376637710715,100.0,100.0,90.0,0.4370036867375632,New York Yankees,Texas Rangers,2026-05-06T23:06:00Z,895be7e0cbc697eeffc1f4c9fb60613b
Josh Jung,hits,batter_hits_alternate,True,0.5,OVER,fanatics,-220,1.480774164199829,0.6992058987801011,0.9196464253366448,0.9196464253366448,0.6875,0.23214642533664476,100.0,100.0,90.0,0.4370036867375632,New York Yankees,Texas Rangers,2026-05-06T23:06:00Z,895be7e0cbc697eeffc1f4c9fb60613b
Josh Jung,hits,batter_hits_alternate,True,0.5,OVER,draftkings,-273,1.480774164199829,0.6992058987801011,0.9196464253366448,0.9196464253366448,0.7319034852546917,0.18774294008195302,100.0,100.0,90.0,0.4370036867375632,New York Yankees,Texas Rangers,2026-05-06T23:06:00Z,895be7e0cbc697eeffc1f4c9fb60613b
Josh Jung,hits,batter_hits_alternate,True,0.5,OVER,williamhill_us,-240,1.480774164199829,0.6992058987801011,0.9196464253366448,0.9196464253366448,0.7058823529411765,0.21376407239546824,100.0,100.0,90.0,0.4370036867375632,New York Yankees,Texas Rangers,2026-05-06T23:06:00Z,895be7e0cbc697eeffc1f4c9fb60613b
Josh Jung,hits,batter_hits_alternate,True,0.5,OVER,hardrockbet,-260,1.480774164199829,0.6992058987801011,0.9196464253366448,0.9196464253366448,0.7222222222222222,0.19742420311442255,100.0,100.0,90.0,0.4370036867375632,New York Yankees,Texas Rangers,2026-05-06T23:06:00Z,895be7e0cbc697eeffc1f4c9fb60613b
Josh Jung,hits,batter_hits_alternate,True,0.5,OVER,betmgm,-210,1.480774164199829,0.6992058987801011,0.9196464253366448,0.9196464253366448,0.6774193548387096,0.24222707049793513,100.0,100.0,90.0,0.4370036867375632,New York Yankees,Texas Rangers,2026-05-06T23:06:00Z,895be7e0cbc697eeffc1f4c9fb60613b
Nico Hoerner,hits,batter_hits_alternate,True,0.5,OVER,fanduel,-270,1.4722927474975587,0.5676462121975466,0.9566299197176363,0.9566299197176363,0.7297297297297297,0.22690018998790662,100.0,90.0,80.0,0.5160420110886789,Chicago Cubs,Cincinnati Reds,2026-05-06T23:41:00Z,a524558d8c67f4e0116d63123b26e426
Pete Crow-Armstrong,hits,batter_hits_alternate,True,0.5,OVER,fanduel,-180,1.4511110401153564,0.4216370213557839,0.987957101240085,0.987957101240085,0.6428571428571429,0.34509995838294205,80.0,80.0,70.0,0.5270462766947299,Chicago Cubs,Cincinnati Reds,2026-05-06T23:41:00Z,a524558d8c67f4e0116d63123b26e426
Nico Hoerner,hits,batter_hits_alternate,True,0.5,OVER,rebet,-441,1.4722927474975587,0.5676462121975466,0.9566299197176363,0.9566299197176363,0.8151571164510166,0.1414728032666197,100.0,90.0,80.0,0.5160420110886789,Chicago Cubs,Cincinnati Reds,2026-05-06T23:41:00Z,a524558d8c67f4e0116d63123b26e426
Pete Crow-Armstrong,hits,batter_hits_alternate,True,0.5,OVER,rebet,-182,1.4511110401153564,0.4216370213557839,0.987957101240085,0.987957101240085,0.6453900709219859,0.3425670303180991,80.0,80.0,70.0,0.5270462766947299,Chicago Cubs,Cincinnati Reds,2026-05-06T23:41:00Z,a524558d8c67f4e0116d63123b26e426
Nico Hoerner,hits,batter_hits_alternate,True,0.5,OVER,fanatics,-300,1.4722927474975587,0.5676462121975466,0.9566299197176363,0.9566299197176363,0.75,0.20662991971763633,100.0,90.0,80.0,0.5160420110886789,Chicago Cubs,Cincinnati Reds,2026-05-06T23:41:00Z,a524558d8c67f4e0116d63123b26e426
Pete Crow-Armstrong,hits,batter_hits_alternate,True,0.5,OVER,fanatics,-170,1.4511110401153564,0.4216370213557839,0.987957101240085,0.987957101240085,0.6296296296296297,0.3583274716104553,80.0,80.0,70.0,0.5270462766947299,Chicago Cubs,Cincinnati Reds,2026-05-06T23:41:00Z,a524558d8c67f4e0116d63123b26e426
Nico Hoerner,hits,batter_hits_alternate,True,0.5,OVER,draftkings,-341,1.4722927474975587,0.5676462121975466,0.9566299197176363,0.9566299197176363,0.7732426303854876,0.18338728933214876,100.0,90.0,80.0,0.5160420110886789,Chicago Cubs,Cincinnati Reds,2026-05-06T23:41:00Z,a524558d8c67f4e0116d63123b26e426
Pete Crow-Armstrong,hits,batter_hits_alternate,True,0.5,OVER,draftkings,-193,1.4511110401153564,0.4216370213557839,0.987957101240085,0.987957101240085,0.658703071672355,0.32925402956773,80.0,80.0,70.0,0.5270462766947299,Chicago Cubs,Cincinnati Reds,2026-05-06T23:41:00Z,a524558d8c67f4e0116d63123b26e426
Pete Crow-Armstrong,hits,batter_hits_alternate,True,0.5,OVER,williamhill_us,-176,1.4511110401153564,0.4216370213557839,0.987957101240085,0.987957101240085,0.6376811594202898,0.35027594181979516,80.0,80.0,70.0,0.5270462766947299,Chicago Cubs,Cincinnati Reds,2026-05-06T23:41:00Z,a524558d8c67f4e0116d63123b26e426
Nico Hoerner,hits,batter_hits_alternate,True,0.5,OVER,williamhill_us,-335,1.4722927474975587,0.5676462121975466,0.9566299197176363,0.9566299197176363,0.7701149425287356,0.18651497718890075,100.0,90.0,80.0,0.5160420110886789,Chicago Cubs,Cincinnati Reds,2026-05-06T23:41:00Z,a524558d8c67f4e0116d63123b26e426
Nico Hoerner,hits,batter_hits_alternate,True,0.5,OVER,hardrockbet,-375,1.4722927474975587,0.5676462121975466,0.9566299197176363,0.9566299197176363,0.7894736842105263,0.16715623550711,100.0,90.0,80.0,0.5160420110886789,Chicago Cubs,Cincinnati Reds,2026-05-06T23:41:00Z,a524558d8c67f4e0116d63123b26e426
Pete Crow-Armstrong,hits,batter_hits_alternate,True,0.5,OVER,hardrockbet,-185,1.4511110401153564,0.4216370213557839,0.987957101240085,0.987957101240085,0.6491228070175439,0.3388342942225411,80.0,80.0,70.0,0.5270462766947299,Chicago Cubs,Cincinnati Reds,2026-05-06T23:41:00Z,a524558d8c67f4e0116d63123b26e426
Nico Hoerner,hits,batter_hits_alternate,True,0.5,OVER,betmgm,-295,1.4722927474975587,0.5676462121975466,0.9566299197176363,0.9566299197176363,0.7468354430379747,0.20979447667966167,100.0,90.0,80.0,0.5160420110886789,Chicago Cubs,Cincinnati Reds,2026-05-06T23:41:00Z,a524558d8c67f4e0116d63123b26e426
Pete Crow-Armstrong,hits,batter_hits_alternate,True,0.5,OVER,betmgm,-155,1.4511110401153564,0.4216370213557839,0.987957101240085,0.987957101240085,0.6078431372549019,0.38011396398518305,80.0,80.0,70.0,0.5270462766947299,Chicago Cubs,Cincinnati Reds,2026-05-06T23:41:00Z,a524558d8c67f4e0116d63123b26e426
Bobby Witt Jr.,hits,batter_hits_alternate,True,0.5,OVER,fanduel,-280,1.6302419900894165,0.6749485577105528,0.952989722919465,0.952989722919465,0.7368421052631579,0.2161476176563072,100.0,90.0,85.0,0.5191911982388868,Kansas City Royals,Cleveland Guardians,2026-05-06T23:41:00Z,30d2a93f1ca79f37c19806e74ed1cdab
Bobby Witt Jr.,hits,batter_hits_alternate,True,0.5,OVER,rebet,-441,1.6302419900894165,0.6749485577105528,0.952989722919465,0.952989722919465,0.8151571164510166,0.13783260646844842,100.0,90.0,85.0,0.5191911982388868,Kansas City Royals,Cleveland Guardians,2026-05-06T23:41:00Z,30d2a93f1ca79f37c19806e74ed1cdab
Bobby Witt Jr.,hits,batter_hits_alternate,True,0.5,OVER,fanatics,-340,1.6302419900894165,0.6749485577105528,0.952989722919465,0.952989722919465,0.7727272727272727,0.18026245019219234,100.0,90.0,85.0,0.5191911982388868,Kansas City Royals,Cleveland Guardians,2026-05-06T23:41:00Z,30d2a93f1ca79f37c19806e74ed1cdab
Bobby Witt Jr.,hits,batter_hits_alternate,True,0.5,OVER,draftkings,-322,1.6302419900894165,0.6749485577105528,0.952989722919465,0.952989722919465,0.7630331753554502,0.1899565475640148,100.0,90.0,85.0,0.5191911982388868,Kansas City Royals,Cleveland Guardians,2026-05-06T23:41:00Z,30d2a93f1ca79f37c19806e74ed1cdab
Bobby Witt Jr.,hits,batter_hits_alternate,True,0.5,OVER,williamhill_us,-295,1.6302419900894165,0.6749485577105528,0.952989722919465,0.952989722919465,0.7468354430379747,0.20615427988149038,100.0,90.0,85.0,0.5191911982388868,Kansas City Royals,Cleveland Guardians,2026-05-06T23:41:00Z,30d2a93f1ca79f37c19806e74ed1cdab
Bobby Witt Jr.,hits,batter_hits_alternate,True,0.5,OVER,hardrockbet,-375,1.6302419900894165,0.6749485577105528,0.952989722919465,0.952989722919465,0.7894736842105263,0.16351603870893872,100.0,90.0,85.0,0.5191911982388868,Kansas City Royals,Cleveland Guardians,2026-05-06T23:41:00Z,30d2a93f1ca79f37c19806e74ed1cdab
Bobby Witt Jr.,hits,batter_hits_alternate,True,0.5,OVER,betmgm,-235,1.6302419900894165,0.6749485577105528,0.952989722919465,0.952989722919465,0.7014925373134329,0.2514971856060322,100.0,90.0,85.0,0.5191911982388868,Kansas City Royals,Cleveland Guardians,2026-05-06T23:41:00Z,30d2a93f1ca79f37c19806e74ed1cdab
Ivan Herrera,total_bases,batter_total_bases_alternate,True,0.5,OVER,fanatics,-200,5.799580307006836,1.286683937707919,0.999980956607751,0.999980956607751,0.6666666666666666,0.33331428994108436,80.0,80.0,85.0,0.677202072477852,St. Louis Cardinals,Milwaukee Brewers,2026-05-06T17:16:00Z,71fad9f636c723c1e774d7aa9651880b
Ivan Herrera,total_bases,batter_total_bases_alternate,True,0.5,OVER,betmgm,-200,5.799580307006836,1.286683937707919,0.999980956607751,0.999980956607751,0.6666666666666666,0.33331428994108436,80.0,80.0,85.0,0.677202072477852,St. Louis Cardinals,Milwaukee Brewers,2026-05-06T17:16:00Z,71fad9f636c723c1e774d7aa9651880b
Ivan Herrera,total_bases,batter_total_bases_alternate,True,0.5,OVER,hardrockbet_oh,-230,5.799580307006836,1.286683937707919,0.999980956607751,0.999980956607751,0.696969696969697,0.303011259638054,80.0,80.0,85.0,0.677202072477852,St. Louis Cardinals,Milwaukee Brewers,2026-05-06T17:16:00Z,71fad9f636c723c1e774d7aa9651880b
Andy Pages,total_bases,batter_total_bases_alternate,True,0.5,OVER,fanatics,-200,2.8376221656799316,0.8432740427115678,0.9972150231437703,0.9972150231437703,0.6666666666666666,0.3305483564771037,100.0,90.0,70.0,0.6023386019368342,Houston Astros,Los Angeles Dodgers,2026-05-06T18:11:00Z,de734f0e0ca302bf4a6c20844ec6127c
Andy Pages,total_bases,batter_total_bases_alternate,True,0.5,OVER,rebet,-275,2.8376221656799316,0.8432740427115678,0.9972150231437703,0.9972150231437703,0.7333333333333333,0.263881689810437,100.0,90.0,70.0,0.6023386019368342,Houston Astros,Los Angeles Dodgers,2026-05-06T18:11:00Z,de734f0e0ca302bf4a6c20844ec6127c
Andy Pages,total_bases,batter_total_bases_alternate,True,0.5,OVER,mybookieag,-319,2.8376221656799316,0.8432740427115678,0.9972150231437703,0.9972150231437703,0.7613365155131265,0.23587850763064377,100.0,90.0,70.0,0.6023386019368342,Houston Astros,Los Angeles Dodgers,2026-05-06T18:11:00Z,de734f0e0ca302bf4a6c20844ec6127c
Andy Pages,total_bases,batter_total_bases_alternate,True,0.5,OVER,hardrockbet_oh,-250,2.8376221656799316,0.8432740427115678,0.9972150231437703,0.9972150231437703,0.7142857142857143,0.282929308858056,100.0,90.0,70.0,0.6023386019368342,Houston Astros,Los Angeles Dodgers,2026-05-06T18:11:00Z,de734f0e0ca302bf4a6c20844ec6127c
Andy Pages,total_bases,batter_total_bases_alternate,True,0.5,OVER,betmgm,-210,2.8376221656799316,0.8432740427115678,0.9972150231437703,0.9972150231437703,0.6774193548387096,0.3197956683050607,100.0,90.0,70.0,0.6023386019368342,Houston Astros,Los Angeles Dodgers,2026-05-06T18:11:00Z,de734f0e0ca302bf4a6c20844ec6127c
Chase Meidroth,total_bases,batter_total_bases_alternate,True,0.5,OVER,fanatics,-190,2.4155359268188477,0.7888106377466155,0.9924168831453639,0.9924168831453639,0.6551724137931034,0.3372444693522605,100.0,80.0,80.0,0.6573421981221796,Los Angeles Angels,Chicago White Sox,2026-05-06T20:08:00Z,7c30fa11564865dd19f2a9c4a7e9d937
Chase Meidroth,total_bases,batter_total_bases_alternate,True,0.5,OVER,rebet,-246,2.4155359268188477,0.7888106377466155,0.9924168831453639,0.9924168831453639,0.7109826589595376,0.2814342241858263,100.0,80.0,80.0,0.6573421981221796,Los Angeles Angels,Chicago White Sox,2026-05-06T20:08:00Z,7c30fa11564865dd19f2a9c4a7e9d937
Chase Meidroth,total_bases,batter_total_bases_alternate,True,0.5,OVER,hardrockbet_oh,-200,2.4155359268188477,0.7888106377466155,0.9924168831453639,0.9924168831453639,0.6666666666666666,0.3257502164786973,100.0,80.0,80.0,0.6573421981221796,Los Angeles Angels,Chicago White Sox,2026-05-06T20:08:00Z,7c30fa11564865dd19f2a9c4a7e9d937
Chase Meidroth,total_bases,batter_total_bases_alternate,True,0.5,OVER,betmgm,-190,2.4155359268188477,0.7888106377466155,0.9924168831453639,0.9924168831453639,0.6551724137931034,0.3372444693522605,100.0,80.0,80.0,0.6573421981221796,Los Angeles Angels,Chicago White Sox,2026-05-06T20:08:00Z,7c30fa11564865dd19f2a9c4a7e9d937
Chase Meidroth,total_bases,batter_total_bases_alternate,True,0.5,OVER,mybookieag,-290,2.4155359268188477,0.7888106377466155,0.9924168831453639,0.9924168831453639,0.7435897435897436,0.2488271395556203,100.0,80.0,80.0,0.6573421981221796,Los Angeles Angels,Chicago White Sox,2026-05-06T20:08:00Z,7c30fa11564865dd19f2a9c4a7e9d937
Matt Olson,total_bases,batter_total_bases_alternate,True,1.5,OVER,fanduel,100,7.797825813293457,1.4757295747452437,0.9999901207080567,0.9999901207080567,0.5,0.4999901207080567,80.0,90.0,80.0,0.46116549210788865,Seattle Mariners,Atlanta Braves,2026-05-06T20:10:00Z,1f8259cdeb29bfd068ffa5cbaea3e8d7
Ozzie Albies,total_bases,batter_total_bases_alternate,True,1.5,OVER,fanduel,115,4.655073642730713,1.247219128924647,0.9942917791329506,0.9942917791329506,0.46511627906976744,0.5291755000631833,100.0,90.0,70.0,0.415739709641549,Seattle Mariners,Atlanta Braves,2026-05-06T20:10:00Z,1f8259cdeb29bfd068ffa5cbaea3e8d7
Ozzie Albies,total_bases,batter_total_bases_alternate,True,0.5,OVER,fanatics,-200,5.567904472351074,1.247219128924647,0.9999758146755716,0.9999758146755716,0.6666666666666666,0.333309148008905,100.0,100.0,90.0,0.415739709641549,Seattle Mariners,Atlanta Braves,2026-05-06T20:10:00Z,1f8259cdeb29bfd068ffa5cbaea3e8d7
Ozzie Albies,total_bases,batter_total_bases_alternate,True,1.5,OVER,fanatics,135,4.655073642730713,1.247219128924647,0.9942917791329506,0.9942917791329506,0.425531914893617,0.5687598642393337,100.0,90.0,70.0,0.415739709641549,Seattle Mariners,Atlanta Braves,2026-05-06T20:10:00Z,1f8259cdeb29bfd068ffa5cbaea3e8d7
Matt Olson,total_bases,batter_total_bases_alternate,True,0.5,OVER,fanatics,-200,7.901871681213379,1.4757295747452437,0.9999997358474546,0.9999997358474546,0.6666666666666666,0.333333069180788,80.0,90.0,85.0,0.46116549210788865,Seattle Mariners,Atlanta Braves,2026-05-06T20:10:00Z,1f8259cdeb29bfd068ffa5cbaea3e8d7
Matt Olson,total_bases,batter_total_bases_alternate,True,1.5,OVER,fanatics,110,7.797825813293457,1.4757295747452437,0.9999901207080567,0.9999901207080567,0.47619047619047616,0.5237996445175805,80.0,90.0,80.0,0.46116549210788865,Seattle Mariners,Atlanta Braves,2026-05-06T20:10:00Z,1f8259cdeb29bfd068ffa5cbaea3e8d7
Ozzie Albies,total_bases,batter_total_bases_alternate,True,0.5,OVER,rebet,-275,5.567904472351074,1.247219128924647,0.9999758146755716,0.9999758146755716,0.7333333333333333,0.26664248134223834,100.0,100.0,90.0,0.415739709641549,Seattle Mariners,Atlanta Braves,2026-05-06T20:10:00Z,1f8259cdeb29bfd068ffa5cbaea3e8d7
Ozzie Albies,total_bases,batter_total_bases_alternate,True,1.5,OVER,rebet,127,4.655073642730713,1.247219128924647,0.9942917791329506,0.9942917791329506,0.44052863436123346,0.5537631447717172,100.0,90.0,70.0,0.415739709641549,Seattle Mariners,Atlanta Braves,2026-05-06T20:10:00Z,1f8259cdeb29bfd068ffa5cbaea3e8d7
Matt Olson,total_bases,batter_total_bases_alternate,True,0.5,OVER,rebet,-370,7.901871681213379,1.4757295747452437,0.9999997358474546,0.9999997358474546,0.7872340425531915,0.2127656932942631,80.0,90.0,85.0,0.46116549210788865,Seattle Mariners,Atlanta Braves,2026-05-06T20:10:00Z,1f8259cdeb29bfd068ffa5cbaea3e8d7
Matt Olson,total_bases,batter_total_bases_alternate,True,1.5,OVER,rebet,107,7.797825813293457,1.4757295747452437,0.9999901207080567,0.9999901207080567,0.4830917874396135,0.5168983332684431,80.0,90.0,80.0,0.46116549210788865,Seattle Mariners,Atlanta Braves,2026-05-06T20:10:00Z,1f8259cdeb29bfd068ffa5cbaea3e8d7
Matt Olson,total_bases,batter_total_bases_alternate,True,0.5,OVER,mybookieag,-429,7.901871681213379,1.4757295747452437,0.9999997358474546,0.9999997358474546,0.8109640831758034,0.18903565267165123,80.0,90.0,85.0,0.46116549210788865,Seattle Mariners,Atlanta Braves,2026-05-06T20:10:00Z,1f8259cdeb29bfd068ffa5cbaea3e8d7
Matt Olson,total_bases,batter_total_bases_alternate,True,1.5,OVER,mybookieag,-101,7.797825813293457,1.4757295747452437,0.9999901207080567,0.9999901207080567,0.5024875621890548,0.49750255851900194,80.0,90.0,80.0,0.46116549210788865,Seattle Mariners,Atlanta Braves,2026-05-06T20:10:00Z,1f8259cdeb29bfd068ffa5cbaea3e8d7
Ozzie Albies,total_bases,batter_total_bases_alternate,True,0.5,OVER,mybookieag,-330,5.567904472351074,1.247219128924647,0.9999758146755716,0.9999758146755716,0.7674418604651163,0.2325339542104553,100.0,100.0,90.0,0.415739709641549,Seattle Mariners,Atlanta Braves,2026-05-06T20:10:00Z,1f8259cdeb29bfd068ffa5cbaea3e8d7
Ozzie Albies,total_bases,batter_total_bases_alternate,True,1.5,OVER,mybookieag,117,4.655073642730713,1.247219128924647,0.9942917791329506,0.9942917791329506,0.4608294930875576,0.533462286045393,100.0,90.0,70.0,0.415739709641549,Seattle Mariners,Atlanta Braves,2026-05-06T20:10:00Z,1f8259cdeb29bfd068ffa5cbaea3e8d7
Matt Olson,total_bases,batter_total_bases_alternate,True,1.5,OVER,draftkings,111,7.797825813293457,1.4757295747452437,0.9999901207080567,0.9999901207080567,0.47393364928909953,0.5260564714189572,80.0,90.0,80.0,0.46116549210788865,Seattle Mariners,Atlanta Braves,2026-05-06T20:10:00Z,1f8259cdeb29bfd068ffa5cbaea3e8d7
Ozzie Albies,total_bases,batter_total_bases_alternate,True,1.5,OVER,draftkings,141,4.655073642730713,1.247219128924647,0.9942917791329506,0.9942917791329506,0.4149377593360996,0.579354019796851,100.0,90.0,70.0,0.415739709641549,Seattle Mariners,Atlanta Braves,2026-05-06T20:10:00Z,1f8259cdeb29bfd068ffa5cbaea3e8d7
Matt Olson,total_bases,batter_total_bases_alternate,True,0.5,OVER,hardrockbet_oh,-220,7.901871681213379,1.4757295747452437,0.9999997358474546,0.9999997358474546,0.6875,0.3124997358474546,80.0,90.0,85.0,0.46116549210788865,Seattle Mariners,Atlanta Braves,2026-05-06T20:10:00Z,1f8259cdeb29bfd068ffa5cbaea3e8d7
Matt Olson,total_bases,batter_total_bases_alternate,True,1.5,OVER,hardrockbet_oh,110,7.797825813293457,1.4757295747452437,0.9999901207080567,0.9999901207080567,0.47619047619047616,0.5237996445175805,80.0,90.0,80.0,0.46116549210788865,Seattle Mariners,Atlanta Braves,2026-05-06T20:10:00Z,1f8259cdeb29bfd068ffa5cbaea3e8d7
Ozzie Albies,total_bases,batter_total_bases_alternate,True,1.5,OVER,hardrockbet_oh,135,4.655073642730713,1.247219128924647,0.9942917791329506,0.9942917791329506,0.425531914893617,0.5687598642393337,100.0,90.0,70.0,0.415739709641549,Seattle Mariners,Atlanta Braves,2026-05-06T20:10:00Z,1f8259cdeb29bfd068ffa5cbaea3e8d7
Ozzie Albies,total_bases,batter_total_bases_alternate,True,0.5,OVER,hardrockbet_oh,-210,5.567904472351074,1.247219128924647,0.9999758146755716,0.9999758146755716,0.6774193548387096,0.322556459836862,100.0,100.0,90.0,0.415739709641549,Seattle Mariners,Atlanta Braves,2026-05-06T20:10:00Z,1f8259cdeb29bfd068ffa5cbaea3e8d7
Ozzie Albies,total_bases,batter_total_bases_alternate,True,1.5,OVER,hardrockbet,135,4.655073642730713,1.247219128924647,0.9942917791329506,0.9942917791329506,0.425531914893617,0.5687598642393337,100.0,90.0,70.0,0.415739709641549,Seattle Mariners,Atlanta Braves,2026-05-06T20:10:00Z,1f8259cdeb29bfd068ffa5cbaea3e8d7
Matt Olson,total_bases,batter_total_bases_alternate,True,1.5,OVER,hardrockbet,115,7.797825813293457,1.4757295747452437,0.9999901207080567,0.9999901207080567,0.46511627906976744,0.5348738416382892,80.0,90.0,80.0,0.46116549210788865,Seattle Mariners,Atlanta Braves,2026-05-06T20:10:00Z,1f8259cdeb29bfd068ffa5cbaea3e8d7
Brandon Marsh,total_bases,batter_total_bases_alternate,True,0.5,OVER,fanatics,-165,4.270065021514893,0.9660917830792959,0.9999523758508168,0.9999523758508168,0.6226415094339622,0.3773108664168545,100.0,90.0,75.0,0.6038073644245598,Philadelphia Phillies,Athletics,2026-05-06T22:41:00Z,8379550b6a949466b56d6ddffad2b2fe
Jacob Wilson,total_bases,batter_total_bases_alternate,True,0.5,OVER,fanatics,-285,3.7916524410247803,1.07496769977314,0.9989010289255568,0.9989010289255568,0.7402597402597403,0.2586412886658165,100.0,90.0,85.0,0.6718548123582125,Philadelphia Phillies,Athletics,2026-05-06T22:41:00Z,8379550b6a949466b56d6ddffad2b2fe
Brandon Marsh,total_bases,batter_total_bases_alternate,True,0.5,OVER,rebet,-186,4.270065021514893,0.9660917830792959,0.9999523758508168,0.9999523758508168,0.6503496503496503,0.34960272550116644,100.0,90.0,75.0,0.6038073644245598,Philadelphia Phillies,Athletics,2026-05-06T22:41:00Z,8379550b6a949466b56d6ddffad2b2fe
Jacob Wilson,total_bases,batter_total_bases_alternate,True,0.5,OVER,rebet,-330,3.7916524410247803,1.07496769977314,0.9989010289255568,0.9989010289255568,0.7674418604651163,0.23145916846044046,100.0,90.0,85.0,0.6718548123582125,Philadelphia Phillies,Athletics,2026-05-06T22:41:00Z,8379550b6a949466b56d6ddffad2b2fe
Brandon Marsh,total_bases,batter_total_bases_alternate,True,0.5,OVER,mybookieag,-220,4.270065021514893,0.9660917830792959,0.9999523758508168,0.9999523758508168,0.6875,0.31245237585081675,100.0,90.0,75.0,0.6038073644245598,Philadelphia Phillies,Athletics,2026-05-06T22:41:00Z,8379550b6a949466b56d6ddffad2b2fe
Jacob Wilson,total_bases,batter_total_bases_alternate,True,0.5,OVER,mybookieag,-400,3.7916524410247803,1.07496769977314,0.9989010289255568,0.9989010289255568,0.8,0.19890102892555672,100.0,90.0,85.0,0.6718548123582125,Philadelphia Phillies,Athletics,2026-05-06T22:41:00Z,8379550b6a949466b56d6ddffad2b2fe
Jacob Wilson,total_bases,batter_total_bases_alternate,True,0.5,OVER,hardrockbet_oh,-300,3.7916524410247803,1.07496769977314,0.9989010289255568,0.9989010289255568,0.75,0.24890102892555677,100.0,90.0,85.0,0.6718548123582125,Philadelphia Phillies,Athletics,2026-05-06T22:41:00Z,8379550b6a949466b56d6ddffad2b2fe
Otto Lopez,total_bases,batter_total_bases_alternate,True,0.5,OVER,fanatics,-260,2.4630157470703122,1.449137674618944,0.9122290069249142,0.9122290069249142,0.7222222222222222,0.19000678470269194,100.0,90.0,90.0,0.6900655593423541,Miami Marlins,Baltimore Orioles,2026-05-06T22:41:00Z,7dd3ac6bd80317fdd884080b8d94dd77
Otto Lopez,total_bases,batter_total_bases_alternate,True,0.5,OVER,rebet,-330,2.4630157470703122,1.449137674618944,0.9122290069249142,0.9122290069249142,0.7674418604651163,0.14478714645979784,100.0,90.0,90.0,0.6900655593423541,Miami Marlins,Baltimore Orioles,2026-05-06T22:41:00Z,7dd3ac6bd80317fdd884080b8d94dd77
Otto Lopez,total_bases,batter_total_bases_alternate,True,0.5,OVER,mybookieag,-391,2.4630157470703122,1.449137674618944,0.9122290069249142,0.9122290069249142,0.7963340122199593,0.1158949947049549,100.0,90.0,90.0,0.6900655593423541,Miami Marlins,Baltimore Orioles,2026-05-06T22:41:00Z,7dd3ac6bd80317fdd884080b8d94dd77
Otto Lopez,total_bases,batter_total_bases_alternate,True,0.5,OVER,hardrockbet_oh,-350,2.4630157470703122,1.449137674618944,0.9122290069249142,0.9122290069249142,0.7777777777777778,0.13445122914713636,100.0,90.0,90.0,0.6900655593423541,Miami Marlins,Baltimore Orioles,2026-05-06T22:41:00Z,7dd3ac6bd80317fdd884080b8d94dd77
Otto Lopez,total_bases,batter_total_bases_alternate,True,0.5,OVER,betmgm,-275,2.4630157470703122,1.449137674618944,0.9122290069249142,0.9122290069249142,0.7333333333333333,0.17889567359158087,100.0,90.0,90.0,0.6900655593423541,Miami Marlins,Baltimore Orioles,2026-05-06T22:41:00Z,7dd3ac6bd80317fdd884080b8d94dd77
Trevor Story,total_bases,batter_total_bases_alternate,True,0.5,OVER,fanatics,-185,2.677088737487793,0.7378647873726218,0.9984138297897228,0.9984138297897228,0.6491228070175439,0.34929102277217894,100.0,80.0,75.0,0.6707861703387471,Detroit Tigers,Boston Red Sox,2026-05-06T22:41:00Z,4a14bd2383b640b8cf105c59c99fa882
Willson Contreras,total_bases,batter_total_bases_alternate,True,0.5,OVER,fanatics,-205,4.911928653717041,1.888562063228706,0.9902577962153634,0.9902577962153634,0.6721311475409836,0.3181266486743798,80.0,90.0,70.0,0.6994674308254466,Detroit Tigers,Boston Red Sox,2026-05-06T22:41:00Z,4a14bd2383b640b8cf105c59c99fa882
Trevor Story,total_bases,batter_total_bases_alternate,True,0.5,OVER,rebet,-265,2.677088737487793,0.7378647873726218,0.9984138297897228,0.9984138297897228,0.726027397260274,0.27238643252944883,100.0,80.0,75.0,0.6707861703387471,Detroit Tigers,Boston Red Sox,2026-05-06T22:41:00Z,4a14bd2383b640b8cf105c59c99fa882
Willson Contreras,total_bases,batter_total_bases_alternate,True,0.5,OVER,rebet,-285,4.911928653717041,1.888562063228706,0.9902577962153634,0.9902577962153634,0.7402597402597403,0.24999805595562308,80.0,90.0,70.0,0.6994674308254466,Detroit Tigers,Boston Red Sox,2026-05-06T22:41:00Z,4a14bd2383b640b8cf105c59c99fa882
Willson Contreras,total_bases,batter_total_bases_alternate,True,0.5,OVER,hardrockbet_oh,-200,4.911928653717041,1.888562063228706,0.9902577962153634,0.9902577962153634,0.6666666666666666,0.32359112954869673,80.0,90.0,70.0,0.6994674308254466,Detroit Tigers,Boston Red Sox,2026-05-06T22:41:00Z,4a14bd2383b640b8cf105c59c99fa882
Trevor Story,total_bases,batter_total_bases_alternate,True,0.5,OVER,hardrockbet_oh,-200,2.677088737487793,0.7378647873726218,0.9984138297897228,0.9984138297897228,0.6666666666666666,0.3317471631230562,100.0,80.0,75.0,0.6707861703387471,Detroit Tigers,Boston Red Sox,2026-05-06T22:41:00Z,4a14bd2383b640b8cf105c59c99fa882
Trevor Story,total_bases,batter_total_bases_alternate,True,0.5,OVER,mybookieag,-319,2.677088737487793,0.7378647873726218,0.9984138297897228,0.9984138297897228,0.7613365155131265,0.23707731427659628,100.0,80.0,75.0,0.6707861703387471,Detroit Tigers,Boston Red Sox,2026-05-06T22:41:00Z,4a14bd2383b640b8cf105c59c99fa882
Willson Contreras,total_bases,batter_total_bases_alternate,True,0.5,OVER,mybookieag,-340,4.911928653717041,1.888562063228706,0.9902577962153634,0.9902577962153634,0.7727272727272727,0.21753052348809065,80.0,90.0,70.0,0.6994674308254466,Detroit Tigers,Boston Red Sox,2026-05-06T22:41:00Z,4a14bd2383b640b8cf105c59c99fa882
Josh Jung,total_bases,batter_total_bases_alternate,True,0.5,OVER,rebet,-290,3.2247185707092285,1.1595018087284057,0.9906108869996006,0.9906108869996006,0.7435897435897436,0.24702114340985704,100.0,100.0,90.0,0.5041312211862634,New York Yankees,Texas Rangers,2026-05-06T23:06:00Z,895be7e0cbc697eeffc1f4c9fb60613b
Josh Jung,total_bases,batter_total_bases_alternate,True,0.5,OVER,fanatics,-215,3.2247185707092285,1.1595018087284057,0.9906108869996006,0.9906108869996006,0.6825396825396826,0.3080712044599181,100.0,100.0,90.0,0.5041312211862634,New York Yankees,Texas Rangers,2026-05-06T23:06:00Z,895be7e0cbc697eeffc1f4c9fb60613b
Josh Jung,total_bases,batter_total_bases_alternate,True,0.5,OVER,mybookieag,-340,3.2247185707092285,1.1595018087284057,0.9906108869996006,0.9906108869996006,0.7727272727272727,0.21788361427232794,100.0,100.0,90.0,0.5041312211862634,New York Yankees,Texas Rangers,2026-05-06T23:06:00Z,895be7e0cbc697eeffc1f4c9fb60613b
Josh Jung,total_bases,batter_total_bases_alternate,True,0.5,OVER,hardrockbet_oh,-300,3.2247185707092285,1.1595018087284057,0.9906108869996006,0.9906108869996006,0.75,0.24061088699960065,100.0,100.0,90.0,0.5041312211862634,New York Yankees,Texas Rangers,2026-05-06T23:06:00Z,895be7e0cbc697eeffc1f4c9fb60613b
Josh Jung,total_bases,batter_total_bases_alternate,True,0.5,OVER,betmgm,-210,3.2247185707092285,1.1595018087284057,0.9906108869996006,0.9906108869996006,0.6774193548387096,0.313191532160891,100.0,100.0,90.0,0.5041312211862634,New York Yankees,Texas Rangers,2026-05-06T23:06:00Z,895be7e0cbc697eeffc1f4c9fb60613b
Nico Hoerner,total_bases,batter_total_bases_alternate,True,0.5,OVER,rebet,-319,3.145050926208496,0.8432740427115679,0.999145534124768,0.999145534124768,0.7613365155131265,0.2378090186116415,100.0,90.0,80.0,0.6023386019368343,Chicago Cubs,Cincinnati Reds,2026-05-06T23:41:00Z,a524558d8c67f4e0116d63123b26e426
Nico Hoerner,total_bases,batter_total_bases_alternate,True,0.5,OVER,fanatics,-285,3.145050926208496,0.8432740427115679,0.999145534124768,0.999145534124768,0.7402597402597403,0.25888579386502775,100.0,90.0,80.0,0.6023386019368343,Chicago Cubs,Cincinnati Reds,2026-05-06T23:41:00Z,a524558d8c67f4e0116d63123b26e426
Nico Hoerner,total_bases,batter_total_bases_alternate,True,0.5,OVER,mybookieag,-380,3.145050926208496,0.8432740427115679,0.999145534124768,0.999145534124768,0.7916666666666666,0.2074788674581014,100.0,90.0,80.0,0.6023386019368343,Chicago Cubs,Cincinnati Reds,2026-05-06T23:41:00Z,a524558d8c67f4e0116d63123b26e426
Nico Hoerner,total_bases,batter_total_bases_alternate,True,0.5,OVER,hardrockbet_oh,-425,3.145050926208496,0.8432740427115679,0.999145534124768,0.999145534124768,0.8095238095238095,0.1896217246009585,100.0,90.0,80.0,0.6023386019368343,Chicago Cubs,Cincinnati Reds,2026-05-06T23:41:00Z,a524558d8c67f4e0116d63123b26e426
Nico Hoerner,total_bases,batter_total_bases_alternate,True,0.5,OVER,betmgm,-295,3.145050926208496,0.8432740427115679,0.999145534124768,0.999145534124768,0.7468354430379747,0.25231009108679336,100.0,90.0,80.0,0.6023386019368343,Chicago Cubs,Cincinnati Reds,2026-05-06T23:41:00Z,a524558d8c67f4e0116d63123b26e426
Pedro Pages,strikeouts,batter_strikeouts_alternate,True,0.5,OVER,draftkings,-184,1.6712608337402344,0.8232726023485646,0.9225868272688916,0.9225868272688916,0.647887323943662,0.27469950332522963,100.0,80.0,70.0,0.6332866171912035,St. Louis Cardinals,Milwaukee Brewers,2026-05-06T17:16:00Z,71fad9f636c723c1e774d7aa9651880b
Cam Smith,strikeouts,batter_strikeouts_alternate,True,0.5,OVER,draftkings,-406,1.6563270092010498,0.7888106377466155,0.9286638739388848,0.9286638739388848,0.8023715415019763,0.12629233243690852,100.0,100.0,80.0,0.43822813208145306,Houston Astros,Los Angeles Dodgers,2026-05-06T18:11:00Z,de734f0e0ca302bf4a6c20844ec6127c
Zach Neto,strikeouts,batter_strikeouts_alternate,True,0.5,OVER,draftkings,-434,2.429506778717041,1.1547005383792515,0.9526393474691567,0.9526393474691567,0.8127340823970037,0.13990526507215295,80.0,90.0,90.0,0.5773502691896257,Los Angeles Angels,Chicago White Sox,2026-05-06T20:08:00Z,7c30fa11564865dd19f2a9c4a7e9d937
Cal Raleigh,strikeouts,batter_strikeouts_alternate,True,0.5,OVER,draftkings,-267,2.072179079055786,0.6324555320336759,0.9935375769716555,0.9935375769716555,0.7275204359673024,0.26601714100435303,100.0,90.0,75.0,0.5270462766947299,Seattle Mariners,Atlanta Braves,2026-05-06T20:10:00Z,1f8259cdeb29bfd068ffa5cbaea3e8d7
Jorge Mateo,strikeouts,batter_strikeouts_alternate,True,0.5,OVER,draftkings,-220,2.060427665710449,0.5676462121975467,0.9970106202741327,0.9970106202741327,0.6875,0.3095106202741327,100.0,80.0,70.0,0.6307180135528295,Seattle Mariners,Atlanta Braves,2026-05-06T20:10:00Z,1f8259cdeb29bfd068ffa5cbaea3e8d7
Nick Kurtz,strikeouts,batter_strikeouts_alternate,True,0.5,OVER,draftkings,-710,1.4271938800811768,0.5163977794943223,0.9637132205524076,0.9637132205524076,0.8765432098765432,0.08717001067586438,100.0,100.0,85.0,0.3227486121839514,Philadelphia Phillies,Athletics,2026-05-06T22:41:00Z,8379550b6a949466b56d6ddffad2b2fe
Gunnar Henderson,strikeouts,batter_strikeouts_alternate,True,0.5,OVER,draftkings,-393,2.0887317657470703,0.8432740427115678,0.9702177905083947,0.9702177905083947,0.7971602434077079,0.17305754710068688,100.0,90.0,90.0,0.6023386019368342,Miami Marlins,Baltimore Orioles,2026-05-06T22:41:00Z,7dd3ac6bd80317fdd884080b8d94dd77
Riley Greene,strikeouts,batter_strikeouts_alternate,True,0.5,OVER,draftkings,-329,2.758850574493408,0.9660917830792959,0.990309811554193,0.990309811554193,0.7668997668997669,0.22341004465442604,100.0,90.0,80.0,0.6038073644245598,Detroit Tigers,Boston Red Sox,2026-05-06T22:41:00Z,4a14bd2383b640b8cf105c59c99fa882
Spencer Torkelson,strikeouts,batter_strikeouts_alternate,True,0.5,OVER,draftkings,-210,2.161877393722534,0.97182531580755,0.9563724008988438,0.9563724008988438,0.6774193548387096,0.27895304606013416,80.0,90.0,75.0,0.6478835438717,Detroit Tigers,Boston Red Sox,2026-05-06T22:41:00Z,4a14bd2383b640b8cf105c59c99fa882
James Wood,strikeouts,batter_strikeouts_alternate,True,0.5,OVER,draftkings,-369,2.151839017868042,0.4830458915396479,0.9996864700865518,0.9996864700865518,0.7867803837953091,0.21290608629124264,100.0,100.0,95.0,0.28414464208214585,Washington Nationals,Minnesota Twins,2026-05-06T22:46:00Z,50bf885c9e829f1de48161f3ec47e5dc
Kody Clemens,strikeouts,batter_strikeouts_alternate,True,0.5,OVER,draftkings,-221,1.2084338665008545,0.5676462121975466,0.8939881466211772,0.8939881466211772,0.6884735202492211,0.20551462637195606,80.0,80.0,85.0,0.6307180135528295,Washington Nationals,Minnesota Twins,2026-05-06T22:46:00Z,50bf885c9e829f1de48161f3ec47e5dc
Royce Lewis,strikeouts,batter_strikeouts_alternate,True,0.5,OVER,draftkings,-195,1.0137715339660645,0.8432740427115678,0.7288233096762758,0.7288233096762758,0.6610169491525424,0.06780636052373346,100.0,80.0,70.0,0.6023386019368342,Washington Nationals,Minnesota Twins,2026-05-06T22:46:00Z,50bf885c9e829f1de48161f3ec47e5dc
CJ Abrams,strikeouts,batter_strikeouts_alternate,True,0.5,OVER,draftkings,-118,1.2822887897491455,0.5676462121975466,0.9159180189923726,0.9159180189923726,0.5412844036697247,0.37463361532264783,80.0,80.0,70.0,0.6307180135528295,Washington Nationals,Minnesota Twins,2026-05-06T22:46:00Z,50bf885c9e829f1de48161f3ec47e5dc
Patrick Corbin,pitcher_strikeouts,pitcher_strikeouts_alternate,True,2.5,OVER,betonlineag,-323,3.57368540763855,1.224744871391589,0.8096644565530886,0.8096644565530886,0.7635933806146572,0.046071075938431405,100.0,100.0,100.0,0.30618621784789724,Tampa Bay Rays,Toronto Blue Jays,2026-05-06T17:11:00Z,30985b2de1c1ed30f2e2fd8caf711d21
Patrick Corbin,pitcher_strikeouts,pitcher_strikeouts_alternate,True,1.5,OVER,fanatics,-1000,3.5192348957061768,1.224744871391589,0.9503952797564124,0.9503952797564124,0.9090909090909091,0.0413043706655033,100.0,100.0,100.0,0.30618621784789724,Tampa Bay Rays,Toronto Blue Jays,2026-05-06T17:11:00Z,30985b2de1c1ed30f2e2fd8caf711d21
Patrick Corbin,pitcher_strikeouts,pitcher_strikeouts_alternate,True,2.5,OVER,fanatics,-300,3.57368540763855,1.224744871391589,0.8096644565530886,0.8096644565530886,0.75,0.05966445655308861,100.0,100.0,100.0,0.30618621784789724,Tampa Bay Rays,Toronto Blue Jays,2026-05-06T17:11:00Z,30985b2de1c1ed30f2e2fd8caf711d21
Patrick Corbin,pitcher_strikeouts,pitcher_strikeouts_alternate,True,2.5,OVER,betmgm,-275,3.57368540763855,1.224744871391589,0.8096644565530886,0.8096644565530886,0.7333333333333333,0.07633112321975533,100.0,100.0,100.0,0.30618621784789724,Tampa Bay Rays,Toronto Blue Jays,2026-05-06T17:11:00Z,30985b2de1c1ed30f2e2fd8caf711d21
