family,side,band,cfg,may_n,may_gr,may_ROI,may_CI_lo,may_CI_hi,may_PnL,may_cons,jun_n,jun_gr,jun_ROI,jun_CI_lo,jun_CI_hi,jun_PnL,jun_cons,min_ROI,sum_PnL
batter_strikeouts,OVER,"[-299,-200]",HR≥60/EDG≥-5.0/CV≤-/μ≥-/TP≥65,319,270,3.43,-4.11,10.97,9.257,0.615,41,37,5.42,-15.57,26.4,2.004,0.556,3.43,11.261
batter_strikeouts,OVER,"[-299,-200]",HR≥60/EDG≥-5.0/CV≤-/μ≥0.0/TP≥65,319,270,3.43,-4.11,10.97,9.257,0.615,41,37,5.42,-15.57,26.4,2.004,0.556,3.43,11.261
batter_strikeouts,OVER,"[-299,-200]",HR≥55/EDG≥-5.0/CV≤-/μ≥-/TP≥65,350,297,2.68,-4.56,9.92,7.954,0.615,41,37,5.42,-15.57,26.4,2.004,0.556,2.68,9.958
batter_strikeouts,OVER,"[-299,-200]",HR≥55/EDG≥-5.0/CV≤-/μ≥0.0/TP≥65,350,297,2.68,-4.56,9.92,7.954,0.615,41,37,5.42,-15.57,26.4,2.004,0.556,2.68,9.958
batter_strikeouts,OVER,"[-299,-200]",HR≥60/EDG≥-5.0/CV≤-/μ≥-/TP≥50,323,274,2.45,-5.1,9.99,6.708,0.615,44,39,3.83,-16.9,24.55,1.492,0.579,2.45,8.2
batter_strikeouts,OVER,"[-299,-200]",HR≥60/EDG≥-5.0/CV≤-/μ≥-/TP≥55,323,274,2.45,-5.1,9.99,6.708,0.615,44,39,3.83,-16.9,24.55,1.492,0.579,2.45,8.2
batter_strikeouts,OVER,"[-299,-200]",HR≥60/EDG≥-5.0/CV≤-/μ≥-/TP≥-,323,274,2.45,-5.1,9.99,6.708,0.615,44,39,3.83,-16.9,24.55,1.492,0.579,2.45,8.2
batter_strikeouts,OVER,"[-299,-200]",HR≥60/EDG≥-5.0/CV≤-/μ≥0.0/TP≥-,323,274,2.45,-5.1,9.99,6.708,0.615,44,39,3.83,-16.9,24.55,1.492,0.579,2.45,8.2
batter_strikeouts,OVER,"[-299,-200]",HR≥60/EDG≥-5.0/CV≤-/μ≥0.0/TP≥50,323,274,2.45,-5.1,9.99,6.708,0.615,44,39,3.83,-16.9,24.55,1.492,0.579,2.45,8.2
batter_strikeouts,OVER,"[-299,-200]",HR≥60/EDG≥-5.0/CV≤-/μ≥0.0/TP≥55,323,274,2.45,-5.1,9.99,6.708,0.615,44,39,3.83,-16.9,24.55,1.492,0.579,2.45,8.2
batter_strikeouts,OVER,"[-299,-200]",HR≥60/EDG≥-5.0/CV≤-/μ≥-/TP≥60,323,274,2.45,-5.1,9.99,6.708,0.615,44,39,3.83,-16.9,24.55,1.492,0.579,2.45,8.2
batter_strikeouts,OVER,"[-299,-200]",HR≥60/EDG≥-5.0/CV≤-/μ≥0.0/TP≥60,323,274,2.45,-5.1,9.99,6.708,0.615,44,39,3.83,-16.9,24.55,1.492,0.579,2.45,8.2
batter_strikeouts,OVER,"[-299,-200]",HR≥55/EDG≥-5.0/CV≤-/μ≥0.0/TP≥55,355,302,1.46,-5.79,8.71,4.404,0.538,45,40,4.82,-15.47,25.11,1.927,0.579,1.46,6.331
batter_strikeouts,OVER,"[-299,-200]",HR≥55/EDG≥-5.0/CV≤-/μ≥-/TP≥55,355,302,1.46,-5.79,8.71,4.404,0.538,45,40,4.82,-15.47,25.11,1.927,0.579,1.46,6.331
batter_strikeouts,OVER,"[-299,-200]",HR≥55/EDG≥-5.0/CV≤-/μ≥-/TP≥60,355,302,1.46,-5.79,8.71,4.404,0.538,45,40,4.82,-15.47,25.11,1.927,0.579,1.46,6.331
batter_strikeouts,OVER,"[-299,-200]",HR≥55/EDG≥-5.0/CV≤-/μ≥0.0/TP≥60,355,302,1.46,-5.79,8.71,4.404,0.538,45,40,4.82,-15.47,25.11,1.927,0.579,1.46,6.331
batter_strikeouts,OVER,"[-299,-200]",HR≥55/EDG≥-5.0/CV≤-/μ≥-/TP≥50,355,302,1.46,-5.79,8.71,4.404,0.538,45,40,4.82,-15.47,25.11,1.927,0.579,1.46,6.331
batter_strikeouts,OVER,"[-299,-200]",HR≥55/EDG≥-5.0/CV≤-/μ≥0.0/TP≥-,355,302,1.46,-5.79,8.71,4.404,0.538,45,40,4.82,-15.47,25.11,1.927,0.579,1.46,6.331
batter_strikeouts,OVER,"[-299,-200]",HR≥55/EDG≥-5.0/CV≤-/μ≥0.0/TP≥50,355,302,1.46,-5.79,8.71,4.404,0.538,45,40,4.82,-15.47,25.11,1.927,0.579,1.46,6.331
batter_strikeouts,OVER,"[-299,-200]",HR≥55/EDG≥-5.0/CV≤-/μ≥-/TP≥-,355,302,1.46,-5.79,8.71,4.404,0.538,45,40,4.82,-15.47,25.11,1.927,0.579,1.46,6.331
batter_strikeouts,OVER,"[-299,-200]",HR≥50/EDG≥-5.0/CV≤-/μ≥-/TP≥65,377,315,1.37,-5.73,8.48,4.317,0.615,41,37,5.42,-15.57,26.4,2.004,0.556,1.37,6.321
batter_strikeouts,OVER,"[-299,-200]",HR≥50/EDG≥-5.0/CV≤-/μ≥0.0/TP≥65,377,315,1.37,-5.73,8.48,4.317,0.615,41,37,5.42,-15.57,26.4,2.004,0.556,1.37,6.321
batter_strikeouts,OVER,"[-299,-200]",HR≥60/EDG≥-/CV≤-/μ≥-/TP≥65,337,287,1.15,-6.28,8.58,3.313,0.538,49,43,3.61,-15.92,23.14,1.553,0.611,1.15,4.866
batter_strikeouts,OVER,"[-299,-200]",HR≥60/EDG≥-/CV≤-/μ≥0.0/TP≥65,337,287,1.15,-6.28,8.58,3.313,0.538,49,43,3.61,-15.92,23.14,1.553,0.611,1.15,4.866
batter_strikeouts,OVER,"[-299,-200]",HR≥60/EDG≥-/CV≤-/μ≥0.0/TP≥60,359,308,0.71,-6.48,7.91,2.194,0.462,62,51,1.01,-17.1,19.12,0.515,0.55,0.71,2.709
batter_strikeouts,OVER,"[-299,-200]",HR≥60/EDG≥-/CV≤-/μ≥-/TP≥60,359,308,0.71,-6.48,7.91,2.194,0.462,62,51,1.01,-17.1,19.12,0.515,0.55,0.71,2.709
batter_strikeouts,OVER,"[-299,-200]",HR≥55/EDG≥-/CV≤-/μ≥-/TP≥65,368,314,0.64,-6.5,7.78,2.009,0.462,49,43,3.61,-15.92,23.14,1.553,0.611,0.64,3.562
batter_strikeouts,OVER,"[-299,-200]",HR≥55/EDG≥-/CV≤-/μ≥0.0/TP≥65,368,314,0.64,-6.5,7.78,2.009,0.462,49,43,3.61,-15.92,23.14,1.553,0.611,0.64,3.562
batter_strikeouts,OVER,"[-299,-200]",HR≥60/EDG≥-/CV≤-/μ≥0.0/TP≥-,374,323,0.5,-6.54,7.55,1.63,0.462,65,53,2.45,-15.08,19.98,1.299,0.55,0.5,2.929
batter_strikeouts,OVER,"[-299,-200]",HR≥60/EDG≥-/CV≤-/μ≥-/TP≥50,374,323,0.5,-6.54,7.55,1.63,0.462,65,53,2.45,-15.08,19.98,1.299,0.55,0.5,2.929
batter_strikeouts,OVER,"[-299,-200]",HR≥60/EDG≥-/CV≤-/μ≥0.0/TP≥50,374,323,0.5,-6.54,7.55,1.63,0.462,65,53,2.45,-15.08,19.98,1.299,0.55,0.5,2.929
batter_strikeouts,OVER,"[-299,-200]",HR≥-/EDG≥-5.0/CV≤-/μ≥-/TP≥65,431,361,0.41,-6.29,7.11,1.468,0.462,41,37,5.42,-15.57,26.4,2.004,0.556,0.41,3.472
batter_strikeouts,OVER,"[-299,-200]",HR≥-/EDG≥-5.0/CV≤-/μ≥0.0/TP≥65,431,361,0.41,-6.29,7.11,1.468,0.462,41,37,5.42,-15.57,26.4,2.004,0.556,0.41,3.472
batter_strikeouts,OVER,"[-299,-200]",HR≥45/EDG≥-5.0/CV≤-/μ≥-/TP≥65,400,337,0.28,-6.65,7.2,0.931,0.385,41,37,5.42,-15.57,26.4,2.004,0.556,0.28,2.935
batter_strikeouts,OVER,"[-299,-200]",HR≥45/EDG≥-5.0/CV≤-/μ≥0.0/TP≥65,400,337,0.28,-6.65,7.2,0.931,0.385,41,37,5.42,-15.57,26.4,2.004,0.556,0.28,2.935
earned_runs,UNDER,"[+101,+200]",HR≥-/EDG≥-/CV≤-/μ≥0.0/TP≥-,59,48,32.08,1.46,62.71,15.4,0.833,83,81,13.27,-10.69,37.23,10.75,0.68,13.27,26.15
earned_runs,UNDER,"[+101,+200]",HR≥45/EDG≥-/CV≤-/μ≥-/TP≥-,47,41,31.56,-1.14,64.26,12.94,0.857,82,81,4.75,-19.12,28.62,3.85,0.56,4.75,16.79
earned_runs,UNDER,"[+101,+200]",HR≥50/EDG≥-/CV≤-/μ≥-/TP≥-,43,37,27.41,-7.04,61.85,10.14,0.786,74,73,1.51,-23.66,26.67,1.1,0.583,1.51,11.24
hits,UNDER,"[+101,+200]",HR≥-/EDG≥-/CV≤-/μ≥-/TP≥-,1277,944,3.51,-3.68,10.71,33.18,0.6,51,41,21.32,-13.68,56.31,8.74,0.7,3.51,41.92
hits,UNDER,"[+101,+200]",HR≥-/EDG≥-/CV≤-/μ≥0.0/TP≥-,1083,801,1.14,-6.68,8.95,9.11,0.615,35,30,6.03,-35.28,47.34,1.81,0.7,1.14,10.92
pitcher_strikeouts,OVER,"[-299,-200]",HR≥45/EDG≥-/CV≤0.4/μ≥-/TP≥-,33,30,4.36,-18.6,27.32,1.309,0.692,87,83,4.27,-9.31,17.85,3.545,0.654,4.27,4.854
pitcher_strikeouts,OVER,"[-299,-200]",HR≥50/EDG≥-/CV≤0.4/μ≥-/TP≥-,33,30,4.36,-18.6,27.32,1.309,0.692,87,83,4.27,-9.31,17.85,3.545,0.654,4.27,4.854
pitcher_strikeouts,OVER,"[-299,-200]",HR≥-/EDG≥-/CV≤0.4/μ≥-/TP≥50,34,31,10.16,-11.19,31.5,3.149,0.692,79,75,3.96,-10.36,18.27,2.968,0.6,3.96,6.117
pitcher_strikeouts,OVER,"[-299,-200]",HR≥-/EDG≥-/CV≤0.4/μ≥-/TP≥55,33,30,9.28,-12.72,31.28,2.785,0.692,79,75,3.96,-10.36,18.27,2.968,0.6,3.96,5.753
pitcher_strikeouts,OVER,"[-299,-200]",HR≥-/EDG≥-/CV≤0.4/μ≥-/TP≥-,39,35,1.67,-19.99,23.32,0.583,0.692,90,86,4.0,-9.39,17.38,3.438,0.615,1.67,4.021
pitcher_strikeouts,OVER,"[-299,-200]",HR≥45/EDG≥-/CV≤-/μ≥0.0/TP≥65,63,57,4.08,-12.25,20.41,2.328,0.571,169,165,1.43,-8.24,11.1,2.355,0.63,1.43,4.683
pitcher_strikeouts,OVER,"[-299,-200]",HR≥50/EDG≥-/CV≤-/μ≥0.0/TP≥65,60,54,4.64,-12.07,21.34,2.503,0.571,166,163,0.93,-8.83,10.7,1.521,0.556,0.93,4.024
pitcher_strikeouts,OVER,"[-299,-200]",HR≥45/EDG≥-/CV≤-/μ≥0.5/TP≥65,61,56,5.94,-10.26,22.15,3.328,0.571,161,157,0.39,-9.62,10.4,0.611,0.63,0.39,3.939
pitcher_strikeouts,OVER,"[-299,-200]",HR≥-/EDG≥-/CV≤0.45/μ≥0.0/TP≥60,39,36,7.13,-13.41,27.68,2.568,0.714,102,99,0.28,-12.52,13.08,0.277,0.538,0.28,2.845
pitcher_strikeouts,OVER,"[-299,-200]",HR≥45/EDG≥-/CV≤0.7/μ≥0.0/TP≥65,59,55,5.28,-11.17,21.73,2.902,0.571,163,160,0.16,-9.75,10.07,0.253,0.519,0.16,3.155
pitcher_strikeouts,OVER,"[-299,-200]",HR≥45/EDG≥-5.0/CV≤-/μ≥0.5/TP≥65,55,51,5.55,-11.61,22.7,2.828,0.5,145,141,0.15,-10.5,10.79,0.209,0.519,0.15,3.037
pitcher_strikeouts,OVER,"[-299,-200]",HR≥45/EDG≥-5.0/CV≤-/μ≥-/TP≥65,55,51,5.55,-11.61,22.7,2.828,0.5,145,141,0.15,-10.5,10.79,0.209,0.519,0.15,3.037
pitcher_strikeouts,OVER,"[-299,-200]",HR≥45/EDG≥-5.0/CV≤-/μ≥0.0/TP≥65,55,51,5.55,-11.61,22.7,2.828,0.5,145,141,0.15,-10.5,10.79,0.209,0.519,0.15,3.037
pitcher_strikeouts,OVER,"[-299,-200]",HR≥-/EDG≥-/CV≤-/μ≥0.0/TP≥65,73,67,5.79,-9.13,20.71,3.879,0.571,181,177,0.14,-9.29,9.58,0.256,0.593,0.14,4.135
pitcher_strikeouts,OVER,"[-299,-200]",HR≥50/EDG≥-/CV≤-/μ≥0.0/TP≥60,68,62,0.11,-15.99,16.21,0.069,0.5,184,181,0.52,-8.82,9.87,0.948,0.571,0.11,1.017
pitcher_strikeouts,OVER,"[-299,-200]",HR≥50/EDG≥-/CV≤-/μ≥0.0/TP≥50,77,71,3.48,-11.2,18.17,2.473,0.5,192,189,0.05,-9.14,9.23,0.088,0.571,0.05,2.561
pitcher_strikeouts,OVER,"[-299,-200]",HR≥50/EDG≥-/CV≤-/μ≥0.0/TP≥-,77,71,3.48,-11.2,18.17,2.473,0.5,192,189,0.05,-9.14,9.23,0.088,0.571,0.05,2.561
pitcher_strikeouts,OVER,"[-299,-200]",HR≥-/EDG≥-/CV≤0.45/μ≥0.0/TP≥50,45,41,7.97,-11.08,27.03,3.27,0.714,105,102,0.02,-12.59,12.64,0.024,0.577,0.02,3.294
pitcher_strikeouts,OVER,"[-299,-200]",HR≥-/EDG≥-/CV≤0.45/μ≥0.0/TP≥-,45,41,7.97,-11.08,27.03,3.27,0.714,105,102,0.02,-12.59,12.64,0.024,0.577,0.02,3.294
pitcher_strikeouts,OVER,"[-299,-200]",HR≥-/EDG≥-/CV≤0.45/μ≥0.0/TP≥55,44,40,7.26,-12.22,26.75,2.906,0.714,105,102,0.02,-12.59,12.64,0.024,0.577,0.02,2.93
pitcher_strikeouts,OVER,"[-299,-200]",HR≥45/EDG≥-5.0/CV≤-/μ≥1.0/TP≥65,44,42,4.04,-14.97,23.06,1.698,0.429,132,130,-0.0,-11.11,11.11,-0.002,0.519,-0.0,1.696
pitcher_strikeouts,OVER,"[-149,-110]",HR≥-/EDG≥-/CV≤0.7/μ≥-/TP≥55,45,37,16.15,-10.17,42.47,5.976,0.692,65,63,5.99,-14.71,26.69,3.774,0.538,5.99,9.75
pitcher_strikeouts,OVER,"[-149,-110]",HR≥-/EDG≥-/CV≤0.5/μ≥-/TP≥50,69,62,14.62,-6.76,36.0,9.063,0.786,127,123,5.74,-9.82,21.3,7.054,0.654,5.74,16.117
pitcher_strikeouts,OVER,"[-149,-110]",HR≥-/EDG≥-5.0/CV≤0.5/μ≥0.0/TP≥50,47,44,8.91,-16.98,34.8,3.921,0.615,96,93,5.36,-12.57,23.29,4.988,0.56,5.36,8.909
pitcher_strikeouts,OVER,"[-149,-110]",HR≥-/EDG≥5.0/CV≤0.5/μ≥0.0/TP≥50,33,30,7.0,-24.85,38.85,2.1,0.545,74,71,5.14,-15.36,25.65,3.652,0.542,5.14,5.752
pitcher_strikeouts,OVER,"[-149,-110]",HR≥-/EDG≥-/CV≤0.4/μ≥-/TP≥-,36,32,5.14,-25.52,35.8,1.643,0.615,76,73,9.37,-10.6,29.34,6.843,0.615,5.14,8.486
pitcher_strikeouts,OVER,"[-149,-110]",HR≥-/EDG≥-/CV≤0.4/μ≥-/TP≥50,36,32,5.14,-25.52,35.8,1.643,0.615,73,70,14.06,-6.04,34.17,9.843,0.615,5.14,11.486
pitcher_strikeouts,OVER,"[-149,-110]",HR≥-/EDG≥5.0/CV≤0.5/μ≥-/TP≥50,33,30,7.0,-24.85,38.85,2.1,0.545,74,71,5.14,-15.36,25.65,3.652,0.542,5.14,5.752
pitcher_strikeouts,OVER,"[-149,-110]",HR≥-/EDG≥-5.0/CV≤0.6/μ≥0.0/TP≥50,61,57,9.57,-13.24,32.38,5.455,0.714,122,119,5.1,-10.8,20.99,6.063,0.577,5.1,11.518
pitcher_strikeouts,OVER,"[-149,-110]",HR≥-/EDG≥-/CV≤0.5/μ≥0.0/TP≥50,49,46,8.09,-17.29,33.46,3.721,0.615,98,95,4.97,-12.77,22.71,4.723,0.6,4.97,8.444
pitcher_strikeouts,OVER,"[-149,-110]",HR≥-/EDG≥-/CV≤0.7/μ≥0.0/TP≥55,34,31,11.07,-18.45,40.59,3.432,0.615,42,41,4.47,-21.44,30.38,1.833,0.591,4.47,5.265
pitcher_strikeouts,OVER,"[-149,-110]",HR≥-/EDG≥-5.0/CV≤-/μ≥0.0/TP≥50,75,70,12.1,-8.28,32.49,8.471,0.714,148,144,4.33,-10.15,18.81,6.238,0.607,4.33,14.709
pitcher_strikeouts,OVER,"[-149,-110]",HR≥-/EDG≥-5.0/CV≤0.5/μ≥-/TP≥50,47,44,8.91,-16.98,34.8,3.921,0.615,97,94,4.24,-13.63,22.12,3.988,0.56,4.24,7.909
pitcher_strikeouts,OVER,"[-149,-110]",HR≥-/EDG≥-5.0/CV≤0.6/μ≥-/TP≥50,61,57,9.57,-13.24,32.38,5.455,0.714,123,120,4.22,-11.64,20.07,5.063,0.577,4.22,10.518
pitcher_strikeouts,OVER,"[-149,-110]",HR≥-/EDG≥-5.0/CV≤0.6/μ≥0.0/TP≥-,63,59,12.33,-10.02,34.68,7.273,0.714,125,122,4.08,-11.67,19.82,4.972,0.593,4.08,12.245
pitcher_strikeouts,OVER,"[-149,-110]",HR≥-/EDG≥-/CV≤0.6/μ≥0.0/TP≥50,63,59,8.91,-13.55,31.36,5.255,0.714,125,122,3.93,-11.79,19.66,4.799,0.615,3.93,10.054
pitcher_strikeouts,OVER,"[-149,-110]",HR≥-/EDG≥-/CV≤0.6/μ≥-/TP≥55,38,31,10.54,-18.81,39.89,3.268,0.583,63,61,3.89,-17.29,25.07,2.374,0.538,3.89,5.642
pitcher_strikeouts,OVER,"[-149,-110]",HR≥-/EDG≥-/CV≤0.45/μ≥-/TP≥50,52,46,4.08,-21.48,29.64,1.877,0.643,98,94,3.71,-14.07,21.5,3.491,0.538,3.71,5.368
pitcher_strikeouts,OVER,"[-149,-110]",HR≥-/EDG≥-5.0/CV≤-/μ≥-/TP≥50,75,70,12.1,-8.28,32.49,8.471,0.714,149,145,3.61,-10.83,18.06,5.238,0.607,3.61,13.709
pitcher_strikeouts,OVER,"[-149,-110]",HR≥-/EDG≥-5.0/CV≤0.7/μ≥0.0/TP≥50,70,66,13.35,-7.54,34.23,8.81,0.714,137,133,3.47,-11.61,18.55,4.612,0.607,3.47,13.422
pitcher_strikeouts,OVER,"[-149,-110]",HR≥-/EDG≥-5.0/CV≤0.6/μ≥-/TP≥-,63,59,12.33,-10.02,34.68,7.273,0.714,126,123,3.23,-12.48,18.94,3.972,0.593,3.23,11.245
pitcher_strikeouts,OVER,"[-149,-110]",HR≥-/EDG≥-5.0/CV≤0.5/μ≥0.0/TP≥-,47,44,8.91,-16.98,34.8,3.921,0.615,98,95,3.14,-14.67,20.96,2.988,0.56,3.14,6.909
pitcher_strikeouts,OVER,"[-149,-110]",HR≥-/EDG≥-/CV≤0.6/μ≥0.0/TP≥-,65,61,11.59,-10.43,33.62,7.073,0.714,128,125,2.97,-12.61,18.54,3.708,0.63,2.97,10.781
pitcher_strikeouts,OVER,"[-149,-110]",HR≥-/EDG≥-/CV≤0.6/μ≥-/TP≥50,90,79,12.74,-6.35,31.84,10.068,0.857,167,163,2.88,-10.72,16.48,4.697,0.577,2.88,14.765
pitcher_strikeouts,OVER,"[-149,-110]",HR≥45/EDG≥-5.0/CV≤0.6/μ≥0.0/TP≥50,39,37,5.14,-23.28,33.57,1.903,0.538,89,88,2.83,-15.61,21.27,2.492,0.462,2.83,4.395
pitcher_strikeouts,OVER,"[-149,-110]",HR≥-/EDG≥-/CV≤0.7/μ≥-/TP≥50,104,91,17.34,-0.13,34.81,15.783,0.929,189,184,2.82,-9.98,15.63,5.193,0.607,2.82,20.976
pitcher_strikeouts,OVER,"[-149,-110]",HR≥-/EDG≥-/CV≤0.5/μ≥0.0/TP≥-,49,46,8.09,-17.29,33.46,3.721,0.615,100,97,2.81,-14.82,20.44,2.723,0.6,2.81,6.444
pitcher_strikeouts,OVER,"[-149,-110]",HR≥-/EDG≥-5.0/CV≤-/μ≥0.0/TP≥-,77,72,14.29,-5.75,34.33,10.289,0.714,152,148,2.8,-11.53,17.14,4.147,0.571,2.8,14.436
pitcher_strikeouts,OVER,"[-149,-110]",HR≥-/EDG≥-5.0/CV≤0.7/μ≥-/TP≥50,70,66,13.35,-7.54,34.23,8.81,0.714,138,134,2.7,-12.35,17.74,3.612,0.607,2.7,12.422
pitcher_strikeouts,OVER,"[-149,-110]",HR≥50/EDG≥-5.0/CV≤-/μ≥0.0/TP≥50,36,33,12.75,-16.86,42.36,4.207,0.615,89,88,2.55,-15.83,20.94,2.247,0.538,2.55,6.454
pitcher_strikeouts,OVER,"[-149,-110]",HR≥-/EDG≥-/CV≤-/μ≥0.0/TP≥50,78,73,12.28,-7.65,32.2,8.961,0.714,154,150,2.48,-11.74,16.7,3.714,0.607,2.48,12.675
pitcher_strikeouts,OVER,"[-149,-110]",HR≥45/EDG≥-/CV≤0.6/μ≥0.0/TP≥50,39,37,5.14,-23.28,33.57,1.903,0.538,91,90,2.47,-15.76,20.71,2.227,0.5,2.47,4.13
pitcher_strikeouts,OVER,"[-149,-110]",HR≥-/EDG≥-/CV≤0.7/μ≥0.0/TP≥50,73,69,13.48,-6.91,33.86,9.3,0.714,140,136,2.46,-12.47,17.39,3.347,0.607,2.46,12.647
pitcher_strikeouts,OVER,"[-149,-110]",HR≥-/EDG≥0.0/CV≤-/μ≥0.0/TP≥50,65,60,12.8,-9.16,34.76,7.68,0.714,135,131,2.44,-12.81,17.68,3.194,0.643,2.44,10.874
pitcher_strikeouts,OVER,"[-149,-110]",HR≥-/EDG≥0.0/CV≤-/μ≥-/TP≥50,65,60,12.8,-9.16,34.76,7.68,0.714,135,131,2.44,-12.81,17.68,3.194,0.643,2.44,10.874
pitcher_strikeouts,OVER,"[-149,-110]",HR≥-/EDG≥-/CV≤0.5/μ≥-/TP≥-,69,62,14.62,-6.76,36.0,9.063,0.786,131,127,2.41,-13.0,17.81,3.054,0.654,2.41,12.117
pitcher_strikeouts,OVER,"[-149,-110]",HR≥-/EDG≥5.0/CV≤-/μ≥0.5/TP≥50,47,43,12.17,-14.0,38.34,5.234,0.692,111,108,2.29,-14.43,19.02,2.478,0.462,2.29,7.712
pitcher_strikeouts,OVER,"[-149,-110]",HR≥-/EDG≥5.0/CV≤-/μ≥0.0/TP≥50,49,45,7.19,-18.72,33.1,3.234,0.692,112,108,2.29,-14.43,19.02,2.478,0.462,2.29,5.712
pitcher_strikeouts,OVER,"[-149,-110]",HR≥-/EDG≥5.0/CV≤-/μ≥-/TP≥50,49,45,7.19,-18.72,33.1,3.234,0.692,112,108,2.29,-14.43,19.02,2.478,0.462,2.29,5.712
pitcher_strikeouts,OVER,"[-149,-110]",HR≥-/EDG≥5.0/CV≤0.5/μ≥-/TP≥-,33,30,7.0,-24.85,38.85,2.1,0.545,76,73,2.26,-18.07,22.59,1.652,0.542,2.26,3.752
pitcher_strikeouts,OVER,"[-149,-110]",HR≥-/EDG≥5.0/CV≤0.5/μ≥0.0/TP≥-,33,30,7.0,-24.85,38.85,2.1,0.545,76,73,2.26,-18.07,22.59,1.652,0.542,2.26,3.752
pitcher_strikeouts,OVER,"[-149,-110]",HR≥50/EDG≥-5.0/CV≤0.7/μ≥0.0/TP≥50,33,31,13.87,-16.43,44.16,4.298,0.667,84,83,2.18,-16.73,21.1,1.813,0.538,2.18,6.111
pitcher_strikeouts,OVER,"[-149,-110]",HR≥-/EDG≥-5.0/CV≤-/μ≥-/TP≥-,77,72,14.29,-5.75,34.33,10.289,0.714,153,149,2.11,-12.19,16.41,3.147,0.571,2.11,13.436
pitcher_strikeouts,OVER,"[-149,-110]",HR≥-/EDG≥-5.0/CV≤0.5/μ≥-/TP≥-,47,44,8.91,-16.98,34.8,3.921,0.615,99,96,2.07,-15.68,19.82,1.988,0.56,2.07,5.909
pitcher_strikeouts,OVER,"[-149,-110]",HR≥-/EDG≥5.0/CV≤0.6/μ≥0.5/TP≥50,39,36,9.57,-19.45,38.59,3.445,0.75,91,89,1.92,-16.49,20.34,1.712,0.462,1.92,5.157
pitcher_strikeouts,OVER,"[-149,-110]",HR≥-/EDG≥5.0/CV≤0.6/μ≥0.0/TP≥50,41,38,3.8,-24.77,32.38,1.445,0.75,92,89,1.92,-16.49,20.34,1.712,0.462,1.92,3.157
pitcher_strikeouts,OVER,"[-149,-110]",HR≥-/EDG≥5.0/CV≤0.6/μ≥-/TP≥50,41,38,3.8,-24.77,32.38,1.445,0.75,92,89,1.92,-16.49,20.34,1.712,0.462,1.92,3.157
pitcher_strikeouts,OVER,"[-149,-110]",HR≥50/EDG≥-/CV≤-/μ≥0.0/TP≥50,36,33,12.75,-16.86,42.36,4.207,0.615,93,92,1.87,-16.11,19.86,1.723,0.5,1.87,5.93
pitcher_strikeouts,OVER,"[-149,-110]",HR≥-/EDG≥-5.0/CV≤0.7/μ≥0.0/TP≥-,72,68,15.63,-4.88,36.14,10.629,0.714,141,137,1.84,-13.07,16.75,2.521,0.571,1.84,13.15
pitcher_strikeouts,OVER,"[-149,-110]",HR≥50/EDG≥-/CV≤0.7/μ≥0.0/TP≥50,33,31,13.87,-16.43,44.16,4.298,0.667,86,85,1.82,-16.87,20.52,1.549,0.538,1.82,5.847
pitcher_strikeouts,OVER,"[-149,-110]",HR≥45/EDG≥-5.0/CV≤0.6/μ≥-/TP≥50,39,37,5.14,-23.28,33.57,1.903,0.538,90,89,1.68,-16.69,20.05,1.492,0.423,1.68,3.395
pitcher_strikeouts,OVER,"[-149,-110]",HR≥45/EDG≥-5.0/CV≤-/μ≥0.0/TP≥50,45,42,9.41,-16.93,35.74,3.951,0.538,99,98,1.56,-15.98,19.09,1.528,0.462,1.56,5.479
pitcher_strikeouts,OVER,"[-149,-110]",HR≥50/EDG≥-5.0/CV≤-/μ≥0.0/TP≥-,36,33,12.75,-16.86,42.36,4.207,0.615,90,89,1.4,-16.92,19.72,1.247,0.538,1.4,5.454
pitcher_strikeouts,OVER,"[-149,-110]",HR≥50/EDG≥-5.0/CV≤-/μ≥-/TP≥50,36,33,12.75,-16.86,42.36,4.207,0.615,90,89,1.4,-16.92,19.72,1.247,0.538,1.4,5.454
pitcher_strikeouts,OVER,"[-149,-110]",HR≥-/EDG≥0.0/CV≤0.7/μ≥0.0/TP≥50,61,57,15.66,-6.67,38.0,8.928,0.714,124,120,1.31,-14.64,17.25,1.568,0.607,1.31,10.496
pitcher_strikeouts,OVER,"[-149,-110]",HR≥-/EDG≥0.0/CV≤0.7/μ≥-/TP≥50,61,57,15.66,-6.67,38.0,8.928,0.714,124,120,1.31,-14.64,17.25,1.568,0.607,1.31,10.496
pitcher_strikeouts,OVER,"[-149,-110]",HR≥45/EDG≥-5.0/CV≤0.7/μ≥0.0/TP≥50,42,40,10.1,-16.73,36.93,4.042,0.538,94,93,1.18,-16.82,19.17,1.094,0.462,1.18,5.136
pitcher_strikeouts,OVER,"[-149,-110]",HR≥-/EDG≥-5.0/CV≤0.7/μ≥-/TP≥-,72,68,15.63,-4.88,36.14,10.629,0.714,142,138,1.1,-13.77,15.98,1.521,0.571,1.1,12.15
pitcher_strikeouts,OVER,"[-149,-110]",HR≥-/EDG≥-/CV≤-/μ≥0.0/TP≥-,80,75,14.37,-5.23,33.97,10.779,0.714,158,154,1.05,-13.02,15.13,1.623,0.571,1.05,12.402
pitcher_strikeouts,OVER,"[-149,-110]",HR≥45/EDG≥-/CV≤-/μ≥0.0/TP≥50,45,42,9.41,-16.93,35.74,3.951,0.538,103,102,0.98,-16.2,18.17,1.004,0.462,0.98,4.955
pitcher_strikeouts,OVER,"[-149,-110]",HR≥-/EDG≥-/CV≤-/μ≥-/TP≥50,115,100,15.69,-1.07,32.46,15.692,0.786,210,205,0.97,-11.19,13.13,1.994,0.536,0.97,17.686
pitcher_strikeouts,OVER,"[-149,-110]",HR≥50/EDG≥-5.0/CV≤0.7/μ≥0.0/TP≥-,33,31,13.87,-16.43,44.16,4.298,0.667,85,84,0.97,-17.87,19.81,0.813,0.538,0.97,5.111
pitcher_strikeouts,OVER,"[-149,-110]",HR≥50/EDG≥-5.0/CV≤0.7/μ≥-/TP≥50,33,31,13.87,-16.43,44.16,4.298,0.667,85,84,0.97,-17.87,19.81,0.813,0.5,0.97,5.111
pitcher_strikeouts,OVER,"[-149,-110]",HR≥-/EDG≥-/CV≤0.6/μ≥-/TP≥-,92,81,14.67,-4.14,33.49,11.886,0.857,172,168,0.96,-12.49,14.4,1.606,0.593,0.96,13.492
pitcher_strikeouts,OVER,"[-149,-110]",HR≥-/EDG≥0.0/CV≤0.6/μ≥0.0/TP≥50,53,49,9.33,-15.34,34.01,4.573,0.769,111,108,0.94,-15.88,17.76,1.019,0.538,0.94,5.592
pitcher_strikeouts,OVER,"[-149,-110]",HR≥-/EDG≥0.0/CV≤0.6/μ≥-/TP≥50,53,49,9.33,-15.34,34.01,4.573,0.769,111,108,0.94,-15.88,17.76,1.019,0.538,0.94,5.592
pitcher_strikeouts,OVER,"[-149,-110]",HR≥-/EDG≥-/CV≤0.7/μ≥0.0/TP≥-,75,71,15.66,-4.37,35.69,11.118,0.714,144,140,0.9,-13.87,15.66,1.256,0.571,0.9,12.374
pitcher_strikeouts,OVER,"[-149,-110]",HR≥45/EDG≥-/CV≤0.7/μ≥0.0/TP≥50,42,40,10.1,-16.73,36.93,4.042,0.538,96,95,0.87,-16.93,18.67,0.83,0.462,0.87,4.872
pitcher_strikeouts,OVER,"[-149,-110]",HR≥-/EDG≥0.0/CV≤-/μ≥-/TP≥-,67,62,15.32,-6.2,36.84,9.499,0.786,139,135,0.82,-14.25,15.88,1.103,0.607,0.82,10.602
pitcher_strikeouts,OVER,"[-149,-110]",HR≥-/EDG≥0.0/CV≤-/μ≥0.0/TP≥-,67,62,15.32,-6.2,36.84,9.499,0.786,139,135,0.82,-14.25,15.88,1.103,0.607,0.82,10.602
pitcher_strikeouts,OVER,"[-149,-110]",HR≥50/EDG≥-/CV≤-/μ≥0.0/TP≥-,36,33,12.75,-16.86,42.36,4.207,0.615,94,93,0.78,-17.14,18.7,0.723,0.5,0.78,4.93
pitcher_strikeouts,OVER,"[-149,-110]",HR≥-/EDG≥5.0/CV≤0.6/μ≥0.5/TP≥-,40,37,11.77,-16.78,40.32,4.354,0.75,94,92,0.67,-17.5,18.85,0.621,0.481,0.67,4.975
pitcher_strikeouts,OVER,"[-149,-110]",HR≥-/EDG≥5.0/CV≤0.6/μ≥-/TP≥-,42,39,6.04,-22.14,34.21,2.354,0.75,95,92,0.67,-17.5,18.85,0.621,0.481,0.67,2.975
pitcher_strikeouts,OVER,"[-149,-110]",HR≥-/EDG≥5.0/CV≤0.6/μ≥0.0/TP≥-,42,39,6.04,-22.14,34.21,2.354,0.75,95,92,0.67,-17.5,18.85,0.621,0.481,0.67,2.975
pitcher_strikeouts,OVER,"[-149,-110]",HR≥50/EDG≥-/CV≤0.7/μ≥0.0/TP≥-,33,31,13.87,-16.43,44.16,4.298,0.667,87,86,0.64,-17.98,19.26,0.549,0.538,0.64,4.847
pitcher_strikeouts,OVER,"[-149,-110]",HR≥-/EDG≥-/CV≤0.7/μ≥-/TP≥-,106,93,18.93,1.69,36.16,17.601,0.929,195,190,0.58,-12.07,13.23,1.102,0.607,0.58,18.703
pitcher_strikeouts,OVER,"[-149,-110]",HR≥45/EDG≥-5.0/CV≤0.6/μ≥0.0/TP≥-,40,38,7.4,-20.62,35.42,2.812,0.571,91,90,0.55,-17.75,18.85,0.492,0.462,0.55,3.304
pitcher_strikeouts,OVER,"[-149,-110]",HR≥-/EDG≥0.0/CV≤0.5/μ≥-/TP≥50,41,38,12.41,-15.32,40.14,4.717,0.636,88,85,0.54,-18.37,19.45,0.458,0.48,0.54,5.175
pitcher_strikeouts,OVER,"[-149,-110]",HR≥-/EDG≥0.0/CV≤0.5/μ≥0.0/TP≥50,41,38,12.41,-15.32,40.14,4.717,0.636,88,85,0.54,-18.37,19.45,0.458,0.48,0.54,5.175
pitcher_strikeouts,OVER,"[-149,-110]",HR≥45/EDG≥-5.0/CV≤-/μ≥-/TP≥50,45,42,9.41,-16.93,35.74,3.951,0.538,100,99,0.53,-16.94,18.01,0.528,0.462,0.53,4.479
pitcher_strikeouts,OVER,"[-149,-110]",HR≥-/EDG≥-5.0/CV≤-/μ≥-/TP≥55,33,30,14.98,-14.65,44.62,4.495,0.615,47,46,0.53,-24.12,25.17,0.242,0.571,0.53,4.737
pitcher_strikeouts,OVER,"[-149,-110]",HR≥-/EDG≥-5.0/CV≤-/μ≥0.0/TP≥55,33,30,14.98,-14.65,44.62,4.495,0.615,47,46,0.53,-24.12,25.17,0.242,0.571,0.53,4.737
pitcher_strikeouts,OVER,"[-149,-110]",HR≥-/EDG≥5.0/CV≤-/μ≥0.5/TP≥-,48,44,13.96,-11.85,39.77,6.144,0.692,115,112,0.35,-16.15,16.84,0.387,0.481,0.35,6.531
pitcher_strikeouts,OVER,"[-149,-110]",HR≥-/EDG≥5.0/CV≤-/μ≥0.0/TP≥-,50,46,9.01,-16.58,34.6,4.144,0.692,116,112,0.35,-16.15,16.84,0.387,0.481,0.35,4.531
pitcher_strikeouts,OVER,"[-149,-110]",HR≥-/EDG≥5.0/CV≤-/μ≥-/TP≥-,50,46,9.01,-16.58,34.6,4.144,0.692,116,112,0.35,-16.15,16.84,0.387,0.481,0.35,4.531
pitcher_strikeouts,OVER,"[-149,-110]",HR≥50/EDG≥-5.0/CV≤-/μ≥-/TP≥-,36,33,12.75,-16.86,42.36,4.207,0.615,91,90,0.27,-17.97,18.52,0.247,0.538,0.27,4.454
pitcher_strikeouts,OVER,"[-149,-110]",HR≥45/EDG≥-/CV≤0.6/μ≥0.0/TP≥-,40,38,7.4,-20.62,35.42,2.812,0.571,93,92,0.25,-17.85,18.34,0.227,0.5,0.25,3.039
pitcher_strikeouts,OVER,"[-149,-110]",HR≥-/EDG≥0.0/CV≤0.5/μ≥0.5/TP≥50,38,35,11.14,-17.63,39.91,3.899,0.727,80,78,0.18,-19.52,19.89,0.142,0.542,0.18,4.041
pitcher_strikeouts,OVER,"[-149,-110]",HR≥-/EDG≥-5.0/CV≤0.5/μ≥0.5/TP≥50,38,35,11.14,-17.63,39.91,3.899,0.727,80,78,0.18,-19.52,19.89,0.142,0.542,0.18,4.041
pitcher_strikeouts,OVER,"[-149,-110]",HR≥-/EDG≥-/CV≤0.5/μ≥0.5/TP≥50,38,35,11.14,-17.63,39.91,3.899,0.727,80,78,0.18,-19.52,19.89,0.142,0.542,0.18,4.041
pitcher_strikeouts,OVER,"[-149,-110]",HR≥45/EDG≥-5.0/CV≤0.7/μ≥-/TP≥50,42,40,10.1,-16.73,36.93,4.042,0.538,95,94,0.1,-17.82,18.03,0.094,0.462,0.1,4.136
pitcher_strikeouts,OVER,"[+101,+200]",HR≥-/EDG≥10.0/CV≤0.45/μ≥-/TP≥-,36,32,26.28,-13.07,65.63,8.41,0.615,72,71,17.06,-9.34,43.45,12.11,0.556,17.06,20.52
pitcher_strikeouts,OVER,"[+101,+200]",HR≥-/EDG≥10.0/CV≤0.45/μ≥0.0/TP≥-,36,32,26.28,-13.07,65.63,8.41,0.615,72,71,17.06,-9.34,43.45,12.11,0.556,17.06,20.52
pitcher_strikeouts,OVER,"[+101,+200]",HR≥-/EDG≥0.0/CV≤0.6/μ≥0.5/TP≥-,40,37,26.16,-9.97,62.3,9.68,0.571,90,89,12.51,-10.83,35.84,11.13,0.63,12.51,20.81
pitcher_strikeouts,OVER,"[+101,+200]",HR≥-/EDG≥5.0/CV≤0.6/μ≥0.5/TP≥-,40,37,26.16,-9.97,62.3,9.68,0.571,90,89,12.51,-10.83,35.84,11.13,0.63,12.51,20.81
pitcher_strikeouts,OVER,"[+101,+200]",HR≥-/EDG≥-5.0/CV≤0.6/μ≥0.5/TP≥-,40,37,26.16,-9.97,62.3,9.68,0.571,90,89,12.51,-10.83,35.84,11.13,0.63,12.51,20.81
pitcher_strikeouts,OVER,"[+101,+200]",HR≥-/EDG≥-/CV≤0.6/μ≥0.5/TP≥-,40,37,26.16,-9.97,62.3,9.68,0.571,90,89,12.51,-10.83,35.84,11.13,0.63,12.51,20.81
pitcher_strikeouts,OVER,"[+101,+200]",HR≥-/EDG≥5.0/CV≤0.45/μ≥0.0/TP≥-,38,34,24.88,-13.13,62.89,8.46,0.692,79,78,12.06,-13.06,37.19,9.41,0.519,12.06,17.87
pitcher_strikeouts,OVER,"[+101,+200]",HR≥-/EDG≥10.0/CV≤0.6/μ≥0.5/TP≥-,40,37,26.16,-9.97,62.3,9.68,0.571,89,88,11.4,-12.1,34.89,10.03,0.63,11.4,19.71
pitcher_strikeouts,OVER,"[+101,+200]",HR≥-/EDG≥-/CV≤0.45/μ≥0.0/TP≥-,39,35,21.31,-16.25,58.88,7.46,0.615,80,79,10.65,-14.32,35.61,8.41,0.519,10.65,15.87
pitcher_strikeouts,OVER,"[+101,+200]",HR≥-/EDG≥0.0/CV≤0.45/μ≥0.0/TP≥-,39,35,21.31,-16.25,58.88,7.46,0.615,80,79,10.65,-14.32,35.61,8.41,0.519,10.65,15.87
pitcher_strikeouts,OVER,"[+101,+200]",HR≥-/EDG≥-5.0/CV≤0.45/μ≥0.0/TP≥-,39,35,21.31,-16.25,58.88,7.46,0.615,80,79,10.65,-14.32,35.61,8.41,0.519,10.65,15.87
pitcher_strikeouts,OVER,"[+101,+200]",HR≥-/EDG≥10.0/CV≤0.5/μ≥-/TP≥-,43,39,32.92,-2.47,68.32,12.84,0.643,89,88,9.1,-14.45,32.65,8.01,0.556,9.1,20.85
pitcher_strikeouts,OVER,"[+101,+200]",HR≥-/EDG≥10.0/CV≤0.5/μ≥0.0/TP≥-,43,39,32.92,-2.47,68.32,12.84,0.643,89,88,9.1,-14.45,32.65,8.01,0.556,9.1,20.85
pitcher_strikeouts,OVER,"[+101,+200]",HR≥-/EDG≥5.0/CV≤0.45/μ≥-/TP≥-,40,36,24.75,-12.37,61.87,8.91,0.692,82,81,7.91,-16.72,32.55,6.41,0.519,7.91,15.32
pitcher_strikeouts,OVER,"[+101,+200]",HR≥-/EDG≥10.0/CV≤0.6/μ≥-/TP≥-,51,47,24.26,-8.15,56.66,11.4,0.571,107,106,7.63,-13.83,29.09,8.09,0.556,7.63,19.49
pitcher_strikeouts,OVER,"[+101,+200]",HR≥-/EDG≥10.0/CV≤0.6/μ≥0.0/TP≥-,51,47,24.26,-8.15,56.66,11.4,0.571,107,106,7.63,-13.83,29.09,8.09,0.556,7.63,19.49
pitcher_strikeouts,OVER,"[+101,+200]",HR≥-/EDG≥5.0/CV≤0.6/μ≥0.0/TP≥-,54,50,25.2,-6.01,56.41,12.6,0.714,117,116,5.87,-14.58,26.32,6.81,0.556,5.87,19.41
pitcher_strikeouts,OVER,"[+101,+200]",HR≥-/EDG≥-5.0/CV≤0.6/μ≥0.0/TP≥-,55,51,22.75,-8.22,53.71,11.6,0.643,119,118,5.83,-14.42,26.08,6.88,0.556,5.83,18.48
pitcher_strikeouts,OVER,"[+101,+200]",HR≥-/EDG≥-/CV≤0.6/μ≥0.0/TP≥-,55,51,22.75,-8.22,53.71,11.6,0.643,119,118,5.83,-14.42,26.08,6.88,0.556,5.83,18.48
pitcher_strikeouts,OVER,"[+101,+200]",HR≥-/EDG≥0.0/CV≤0.6/μ≥0.0/TP≥-,55,51,22.75,-8.22,53.71,11.6,0.643,119,118,5.83,-14.42,26.08,6.88,0.556,5.83,18.48
pitcher_strikeouts,OVER,"[+101,+200]",HR≥-/EDG≥5.0/CV≤0.5/μ≥0.0/TP≥-,45,41,31.44,-2.99,65.87,12.89,0.714,96,95,5.59,-17.0,28.18,5.31,0.519,5.59,18.2
pitcher_strikeouts,OVER,"[+101,+200]",HR≥-/EDG≥-5.0/CV≤0.45/μ≥-/TP≥-,52,45,22.96,-9.69,55.6,10.33,0.615,95,94,5.06,-17.78,27.9,4.76,0.481,5.06,15.09
pitcher_strikeouts,OVER,"[+101,+200]",HR≥-/EDG≥-5.0/CV≤0.7/μ≥0.5/TP≥-,43,40,22.15,-12.67,56.97,8.86,0.571,101,100,4.88,-17.14,26.9,4.88,0.593,4.88,13.74
pitcher_strikeouts,OVER,"[+101,+200]",HR≥-/EDG≥5.0/CV≤0.7/μ≥0.5/TP≥-,43,40,22.15,-12.67,56.97,8.86,0.571,101,100,4.88,-17.14,26.9,4.88,0.593,4.88,13.74
pitcher_strikeouts,OVER,"[+101,+200]",HR≥-/EDG≥-/CV≤0.7/μ≥0.5/TP≥-,43,40,22.15,-12.67,56.97,8.86,0.571,101,100,4.88,-17.14,26.9,4.88,0.593,4.88,13.74
pitcher_strikeouts,OVER,"[+101,+200]",HR≥-/EDG≥0.0/CV≤0.7/μ≥0.5/TP≥-,43,40,22.15,-12.67,56.97,8.86,0.571,101,100,4.88,-17.14,26.9,4.88,0.593,4.88,13.74
pitcher_strikeouts,OVER,"[+101,+200]",HR≥-/EDG≥0.0/CV≤0.45/μ≥-/TP≥-,44,39,20.46,-15.15,56.07,7.98,0.615,89,88,4.5,-19.09,28.09,3.96,0.519,4.5,11.94
pitcher_strikeouts,OVER,"[+101,+200]",HR≥-/EDG≥-5.0/CV≤0.5/μ≥0.0/TP≥-,46,42,28.31,-5.85,62.46,11.89,0.643,97,96,4.49,-17.97,26.94,4.31,0.519,4.49,16.2
pitcher_strikeouts,OVER,"[+101,+200]",HR≥-/EDG≥-/CV≤0.5/μ≥0.0/TP≥-,46,42,28.31,-5.85,62.46,11.89,0.643,97,96,4.49,-17.97,26.94,4.31,0.519,4.49,16.2
pitcher_strikeouts,OVER,"[+101,+200]",HR≥-/EDG≥0.0/CV≤0.5/μ≥0.0/TP≥-,46,42,28.31,-5.85,62.46,11.89,0.643,97,96,4.49,-17.97,26.94,4.31,0.519,4.49,16.2
pitcher_strikeouts,OVER,"[+101,+200]",HR≥-/EDG≥10.0/CV≤0.7/μ≥0.5/TP≥-,43,40,22.15,-12.67,56.97,8.86,0.571,100,99,3.82,-18.32,25.96,3.78,0.593,3.82,12.64
pitcher_strikeouts,OVER,"[+101,+200]",HR≥-/EDG≥-5.0/CV≤0.5/μ≥-/TP≥-,62,53,30.49,0.46,60.52,16.16,0.571,118,117,3.21,-17.15,23.58,3.76,0.556,3.21,19.92
pitcher_strikeouts,OVER,"[+101,+200]",HR≥-/EDG≥0.0/CV≤-/μ≥0.5/TP≥-,46,43,18.51,-15.04,52.07,7.96,0.5,109,108,3.09,-18.02,24.2,3.34,0.593,3.09,11.3
pitcher_strikeouts,OVER,"[+101,+200]",HR≥-/EDG≥-/CV≤-/μ≥0.5/TP≥-,46,43,18.51,-15.04,52.07,7.96,0.5,109,108,3.09,-18.02,24.2,3.34,0.593,3.09,11.3
pitcher_strikeouts,OVER,"[+101,+200]",HR≥-/EDG≥5.0/CV≤-/μ≥0.5/TP≥-,46,43,18.51,-15.04,52.07,7.96,0.5,109,108,3.09,-18.02,24.2,3.34,0.593,3.09,11.3
pitcher_strikeouts,OVER,"[+101,+200]",HR≥-/EDG≥-5.0/CV≤-/μ≥0.5/TP≥-,46,43,18.51,-15.04,52.07,7.96,0.5,109,108,3.09,-18.02,24.2,3.34,0.593,3.09,11.3
pitcher_strikeouts,OVER,"[+101,+200]",HR≥-/EDG≥10.0/CV≤-/μ≥0.5/TP≥-,46,43,18.51,-15.04,52.07,7.96,0.5,107,106,3.06,-18.28,24.39,3.24,0.63,3.06,11.2
pitcher_strikeouts,OVER,"[+101,+200]",HR≥-/EDG≥5.0/CV≤0.5/μ≥-/TP≥-,47,43,31.02,-2.75,64.8,13.34,0.714,99,98,2.36,-19.83,24.55,2.31,0.481,2.36,15.65
pitcher_strikeouts,OVER,"[+101,+200]",HR≥-/EDG≥5.0/CV≤0.6/μ≥-/TP≥-,57,52,25.1,-5.61,55.81,13.05,0.714,121,120,2.34,-17.72,22.4,2.81,0.519,2.34,15.86
pitcher_strikeouts,OVER,"[+101,+200]",HR≥-/EDG≥0.0/CV≤0.5/μ≥-/TP≥-,52,46,26.98,-5.7,59.66,12.41,0.643,110,109,0.42,-20.61,21.45,0.46,0.556,0.42,12.87
pitcher_strikeouts,UNDER,"[-149,-110]",HR≥-/EDG≥-5.0/CV≤0.6/μ≥-/TP≥50,39,37,19.99,-7.23,47.2,7.395,0.692,60,58,8.01,-14.77,30.79,4.648,0.68,8.01,12.043
pitcher_strikeouts,UNDER,"[-149,-110]",HR≥-/EDG≥0.0/CV≤0.6/μ≥-/TP≥50,34,33,19.12,-10.12,48.36,6.311,0.667,52,50,7.59,-17.05,32.24,3.797,0.64,7.59,10.108
pitcher_strikeouts,UNDER,"[-149,-110]",HR≥-/EDG≥-5.0/CV≤0.6/μ≥-/TP≥-,39,37,19.99,-7.23,47.2,7.395,0.692,61,59,6.18,-16.49,28.86,3.648,0.654,6.18,11.043
pitcher_strikeouts,UNDER,"[-149,-110]",HR≥-/EDG≥0.0/CV≤0.6/μ≥-/TP≥-,34,33,19.12,-10.12,48.36,6.311,0.667,53,51,5.48,-19.02,29.99,2.797,0.615,5.48,9.108
pitcher_strikeouts,UNDER,"[-149,-110]",HR≥-/EDG≥-5.0/CV≤0.5/μ≥-/TP≥50,31,30,12.24,-18.9,43.38,3.673,0.615,48,47,2.49,-23.05,28.03,1.17,0.565,2.49,4.843
pitcher_strikeouts,UNDER,"[-149,-110]",HR≥-/EDG≥-5.0/CV≤0.7/μ≥-/TP≥50,45,42,10.25,-16.28,36.78,4.304,0.571,75,73,0.67,-19.91,21.26,0.492,0.538,0.67,4.796
pitcher_strikeouts,UNDER,"[-149,-110]",HR≥-/EDG≥-5.0/CV≤0.5/μ≥-/TP≥-,31,30,12.24,-18.9,43.38,3.673,0.615,49,48,0.35,-25.0,25.7,0.17,0.542,0.35,3.843
pitcher_strikeouts,UNDER,"[-109,+100]",HR≥-/EDG≥-/CV≤-/μ≥-/TP≥-,37,32,4.47,-30.08,39.03,1.432,0.429,77,75,12.58,-9.55,34.71,9.436,0.538,4.47,10.868
runs,UNDER,"[-299,-200]",HR≥-/EDG≥0.0/CV≤-/μ≥-/TP≥-,186,126,5.87,-5.21,16.95,7.399,0.571,62,52,9.78,-6.76,26.33,5.088,0.636,5.87,12.487
runs,UNDER,"[-299,-200]",HR≥-/EDG≥0.0/CV≤-/μ≥-/TP≥50,186,126,5.87,-5.21,16.95,7.399,0.571,62,52,9.78,-6.76,26.33,5.088,0.636,5.87,12.487
runs,UNDER,"[-299,-200]",HR≥-/EDG≥0.0/CV≤-/μ≥-/TP≥55,186,126,5.87,-5.21,16.95,7.399,0.571,62,52,9.78,-6.76,26.33,5.088,0.636,5.87,12.487
runs,UNDER,"[-299,-200]",HR≥-/EDG≥0.0/CV≤-/μ≥-/TP≥60,186,126,5.87,-5.21,16.95,7.399,0.571,62,52,9.78,-6.76,26.33,5.088,0.636,5.87,12.487
runs,UNDER,"[-299,-200]",HR≥-/EDG≥-5.0/CV≤-/μ≥-/TP≥-,289,195,4.5,-4.5,13.5,8.773,0.5,97,81,8.06,-5.53,21.64,6.525,0.64,4.5,15.298
runs,UNDER,"[-299,-200]",HR≥-/EDG≥-5.0/CV≤-/μ≥-/TP≥60,289,195,4.5,-4.5,13.5,8.773,0.5,97,81,8.06,-5.53,21.64,6.525,0.64,4.5,15.298
runs,UNDER,"[-299,-200]",HR≥-/EDG≥-5.0/CV≤-/μ≥-/TP≥55,289,195,4.5,-4.5,13.5,8.773,0.5,97,81,8.06,-5.53,21.64,6.525,0.64,4.5,15.298
runs,UNDER,"[-299,-200]",HR≥-/EDG≥-5.0/CV≤-/μ≥-/TP≥50,289,195,4.5,-4.5,13.5,8.773,0.5,97,81,8.06,-5.53,21.64,6.525,0.64,4.5,15.298
runs,UNDER,"[-299,-200]",HR≥-/EDG≥-5.0/CV≤-/μ≥-/TP≥65,174,120,2.17,-9.15,13.49,2.603,0.571,52,43,7.46,-10.45,25.37,3.208,0.609,2.17,5.811
runs,UNDER,"[-299,-200]",HR≥-/EDG≥5.0/CV≤-/μ≥-/TP≥-,125,84,8.72,-4.38,21.83,7.327,0.5,39,35,2.06,-19.67,23.8,0.722,0.579,2.06,8.049
runs,UNDER,"[-299,-200]",HR≥-/EDG≥5.0/CV≤-/μ≥-/TP≥55,125,84,8.72,-4.38,21.83,7.327,0.5,39,35,2.06,-19.67,23.8,0.722,0.579,2.06,8.049
runs,UNDER,"[-299,-200]",HR≥-/EDG≥5.0/CV≤-/μ≥-/TP≥60,125,84,8.72,-4.38,21.83,7.327,0.5,39,35,2.06,-19.67,23.8,0.722,0.579,2.06,8.049
runs,UNDER,"[-299,-200]",HR≥-/EDG≥5.0/CV≤-/μ≥-/TP≥50,125,84,8.72,-4.38,21.83,7.327,0.5,39,35,2.06,-19.67,23.8,0.722,0.579,2.06,8.049
runs,UNDER,"[-299,-200]",HR≥-/EDG≥-/CV≤-/μ≥-/TP≥65,562,414,1.57,-4.51,7.65,6.503,0.643,107,89,16.21,5.26,27.15,14.423,0.692,1.57,20.926
runs,UNDER,"[-299,-200]",HR≥-/EDG≥-/CV≤-/μ≥-/TP≥-,970,718,0.08,-4.75,4.91,0.58,0.533,186,159,13.99,5.05,22.94,22.249,0.769,0.08,22.829
runs,UNDER,"[-299,-200]",HR≥-/EDG≥-/CV≤-/μ≥-/TP≥55,970,718,0.08,-4.75,4.91,0.58,0.533,186,159,13.99,5.05,22.94,22.249,0.769,0.08,22.829
runs,UNDER,"[-299,-200]",HR≥-/EDG≥-/CV≤-/μ≥-/TP≥50,970,718,0.08,-4.75,4.91,0.58,0.533,186,159,13.99,5.05,22.94,22.249,0.769,0.08,22.829
runs,UNDER,"[-299,-200]",HR≥-/EDG≥-/CV≤-/μ≥-/TP≥60,970,718,0.08,-4.75,4.91,0.58,0.533,186,159,13.99,5.05,22.94,22.249,0.769,0.08,22.829
runs,UNDER,"[-199,-150]",HR≥-/EDG≥0.0/CV≤-/μ≥-/TP≥50,147,120,4.29,-9.23,17.8,5.143,0.571,37,32,28.79,6.96,50.63,9.214,0.85,4.29,14.357
runs,UNDER,"[-199,-150]",HR≥-/EDG≥0.0/CV≤-/μ≥-/TP≥-,147,120,4.29,-9.23,17.8,5.143,0.571,37,32,28.79,6.96,50.63,9.214,0.85,4.29,14.357
runs,UNDER,"[-199,-150]",HR≥-/EDG≥0.0/CV≤-/μ≥-/TP≥55,147,120,4.29,-9.23,17.8,5.143,0.571,37,32,28.79,6.96,50.63,9.214,0.85,4.29,14.357
runs,UNDER,"[-199,-150]",HR≥-/EDG≥-5.0/CV≤-/μ≥-/TP≥-,258,202,1.87,-8.62,12.36,3.776,0.533,52,44,21.76,1.98,41.54,9.573,0.857,1.87,13.349
runs,UNDER,"[-199,-150]",HR≥-/EDG≥-5.0/CV≤-/μ≥-/TP≥55,258,202,1.87,-8.62,12.36,3.776,0.533,52,44,21.76,1.98,41.54,9.573,0.857,1.87,13.349
runs,UNDER,"[-199,-150]",HR≥-/EDG≥-5.0/CV≤-/μ≥-/TP≥50,258,202,1.87,-8.62,12.36,3.776,0.533,52,44,21.76,1.98,41.54,9.573,0.857,1.87,13.349
