family,side,band,month,n,gr,HR_pct,ROI_pct,ROI_lo,ROI_hi,P_and_L,consist,grd_days
batter_strikeouts,OVER,"[-1499,-1000]",2025-06,1,0,,,,,0,,0
batter_strikeouts,OVER,"[-999,-800]",2026-05,13,13,61.54,-31.46,-62.12,-0.8,-4.09,0.5,2
batter_strikeouts,OVER,"[-799,-600]",2026-05,88,84,60.71,-30.34,-42.4,-18.29,-25.489,0.444,9
batter_strikeouts,OVER,"[-799,-600]",2025-06,3,0,,,,,0,,0
batter_strikeouts,OVER,"[-599,-500]",2026-05,170,166,70.48,-16.47,-24.72,-8.23,-27.347,0.455,11
batter_strikeouts,OVER,"[-599,-500]",2025-06,6,5,100.0,19.24,18.86,19.61,0.962,1.0,5
batter_strikeouts,OVER,"[-499,-400]",2026-05,536,484,72.31,-11.21,-16.11,-6.31,-54.257,0.308,13
batter_strikeouts,OVER,"[-499,-400]",2025-06,10,9,66.67,-18.32,-58.35,21.7,-1.649,0.571,7
batter_strikeouts,OVER,"[-399,-300]",2026-05,1125,1012,77.96,0.47,-2.83,3.76,4.732,0.462,13
batter_strikeouts,OVER,"[-399,-300]",2025-06,31,0,,,,,0,,0
earned_runs,OVER,"[-inf,-5000]",2025-06,1,1,100.0,2.0,2.0,2.0,0.02,1.0,1
earned_runs,OVER,"[-4999,-3000]",2025-06,4,4,75.0,-22.74,-73.22,27.74,-0.91,0.75,4
earned_runs,OVER,"[-2999,-2000]",2025-06,8,8,87.5,-8.5,-34.12,17.12,-0.68,0.857,7
earned_runs,OVER,"[-1999,-1500]",2025-06,15,15,100.0,5.88,5.7,6.06,0.882,1.0,8
earned_runs,OVER,"[-1499,-1000]",2026-05,54,54,74.07,-18.89,-31.81,-5.97,-10.2,0.714,7
earned_runs,OVER,"[-1499,-1000]",2025-06,113,110,83.64,-8.88,-16.45,-1.31,-9.767,0.391,23
earned_runs,OVER,"[-999,-800]",2026-05,111,111,51.35,-42.62,-53.06,-32.18,-47.308,0.4,10
earned_runs,OVER,"[-999,-800]",2025-06,80,79,82.28,-8.2,-17.65,1.26,-6.477,0.5,24
earned_runs,OVER,"[-799,-600]",2026-05,121,114,52.63,-39.6,-50.16,-29.03,-45.139,0.571,7
earned_runs,OVER,"[-799,-600]",2025-06,120,119,78.15,-10.25,-18.82,-1.69,-12.203,0.423,26
earned_runs,OVER,"[-599,-500]",2026-05,140,133,67.67,-19.68,-29.15,-10.2,-26.17,0.545,11
earned_runs,OVER,"[-599,-500]",2025-06,54,53,84.91,0.73,-10.81,12.28,0.388,0.708,24
earned_runs,OVER,"[-499,-400]",2026-05,279,258,40.31,-50.47,-57.84,-43.09,-130.2,0.231,13
earned_runs,OVER,"[-499,-400]",2025-06,45,44,75.0,-7.98,-23.86,7.91,-3.51,0.45,20
earned_runs,OVER,"[-399,-300]",2026-05,483,455,68.13,-11.87,-17.41,-6.32,-53.99,0.429,14
earned_runs,OVER,"[-399,-300]",2025-06,88,85,62.35,-19.18,-32.61,-5.74,-16.3,0.32,25
hits,OVER,"[-499,-400]",2026-05,41,41,80.49,-2.2,-17.12,12.73,-0.901,0.667,3
hits,OVER,"[-399,-300]",2026-05,361,340,78.24,2.75,-3.02,8.52,9.355,0.6,10
hits,UNDER,"[-1499,-1000]",2025-06,1,1,100.0,10.0,10.0,10.0,0.1,1.0,1
hits,UNDER,"[-999,-800]",2026-05,48,48,43.75,-51.19,-67.01,-35.36,-24.569,0.0,2
hits,UNDER,"[-999,-800]",2025-06,2,2,100.0,11.81,10.44,13.17,0.236,1.0,2
hits,UNDER,"[-799,-600]",2026-05,431,377,80.11,-8.08,-12.71,-3.45,-30.47,0.444,9
hits,UNDER,"[-799,-600]",2025-06,2,0,,,,,0,,0
hits,UNDER,"[-599,-500]",2026-05,540,451,88.03,4.45,0.89,8.01,20.057,0.625,8
hits,UNDER,"[-599,-500]",2025-06,3,3,66.67,-20.0,-98.4,58.4,-0.6,0.5,2
hits,UNDER,"[-499,-400]",2026-05,702,619,73.51,-9.37,-13.66,-5.07,-57.973,0.111,9
hits,UNDER,"[-399,-300]",2026-05,539,518,70.46,-9.37,-14.43,-4.31,-48.554,0.333,12
pitcher_strikeouts,OVER,"[-inf,-5000]",2026-05,330,315,93.33,-4.97,-7.78,-2.16,-15.651,0.846,13
pitcher_strikeouts,OVER,"[-inf,-5000]",2025-06,119,118,97.46,-1.07,-3.97,1.82,-1.267,0.893,28
pitcher_strikeouts,OVER,"[-4999,-3000]",2026-05,556,556,97.48,0.28,-1.06,1.62,1.575,0.857,14
pitcher_strikeouts,OVER,"[-4999,-3000]",2025-06,139,138,97.1,-0.03,-2.92,2.86,-0.043,0.852,27
pitcher_strikeouts,OVER,"[-2999,-2000]",2026-05,559,495,89.09,-6.99,-9.86,-4.12,-34.598,0.5,14
pitcher_strikeouts,OVER,"[-2999,-2000]",2025-06,129,129,97.67,2.06,-0.67,4.79,2.653,0.893,28
pitcher_strikeouts,OVER,"[-1999,-1500]",2026-05,466,418,98.09,4.06,2.66,5.45,16.96,0.929,14
pitcher_strikeouts,OVER,"[-1999,-1500]",2025-06,109,106,93.4,-0.86,-5.9,4.18,-0.911,0.741,27
pitcher_strikeouts,OVER,"[-1499,-1000]",2026-05,883,829,89.26,-2.99,-5.28,-0.7,-24.793,0.571,14
pitcher_strikeouts,OVER,"[-1499,-1000]",2025-06,181,178,91.57,-0.48,-4.93,3.97,-0.861,0.536,28
pitcher_strikeouts,OVER,"[-999,-800]",2026-05,389,368,80.98,-9.68,-14.16,-5.2,-35.608,0.615,13
pitcher_strikeouts,OVER,"[-999,-800]",2025-06,85,83,89.16,-0.51,-8.03,7.0,-0.427,0.704,27
pitcher_strikeouts,OVER,"[-799,-600]",2026-05,562,498,85.74,-1.6,-5.13,1.93,-7.975,0.5,14
pitcher_strikeouts,OVER,"[-799,-600]",2025-06,124,123,86.18,-1.17,-8.19,5.86,-1.434,0.536,28
pitcher_strikeouts,OVER,"[-599,-500]",2026-05,439,432,79.63,-5.41,-9.92,-0.89,-23.358,0.417,12
pitcher_strikeouts,OVER,"[-599,-500]",2025-06,104,100,89.0,5.32,-1.98,12.61,5.319,0.786,28
pitcher_strikeouts,OVER,"[-499,-400]",2026-05,536,495,82.22,1.33,-2.83,5.49,6.581,0.462,13
pitcher_strikeouts,OVER,"[-499,-400]",2025-06,118,118,73.73,-9.32,-19.13,0.49,-10.995,0.214,28
pitcher_strikeouts,OVER,"[-399,-300]",2026-05,782,705,76.6,-0.47,-4.54,3.59,-3.335,0.714,14
pitcher_strikeouts,OVER,"[-399,-300]",2025-06,167,165,76.97,-0.34,-8.69,8.0,-0.569,0.429,28
pitcher_strikeouts,UNDER,"[-599,-500]",2026-05,7,7,100.0,20.0,20.0,20.0,1.4,1.0,1
pitcher_strikeouts,UNDER,"[-599,-500]",2025-06,9,9,77.78,-6.67,-41.24,27.9,-0.6,0.75,8
pitcher_strikeouts,UNDER,"[-499,-400]",2026-05,82,82,82.93,1.68,-8.37,11.73,1.377,0.667,6
pitcher_strikeouts,UNDER,"[-499,-400]",2025-06,64,64,73.44,-9.4,-22.86,4.05,-6.019,0.591,22
pitcher_strikeouts,UNDER,"[-399,-300]",2026-05,111,104,86.54,11.42,2.92,19.92,11.878,0.75,8
pitcher_strikeouts,UNDER,"[-399,-300]",2025-06,64,63,73.02,-6.14,-20.35,8.07,-3.866,0.52,25
runs,UNDER,"[-inf,-5000]",2026-05,7,7,100.0,2.0,2.0,2.0,0.14,1.0,1
runs,UNDER,"[-inf,-5000]",2025-06,2,2,100.0,2.0,2.0,2.0,0.04,1.0,2
runs,UNDER,"[-4999,-3000]",2026-05,410,369,96.21,-0.91,-2.93,1.1,-3.375,0.5,2
runs,UNDER,"[-2999,-2000]",2026-05,47,34,100.0,5.0,5.0,5.0,1.7,1.0,2
runs,UNDER,"[-2999,-2000]",2025-06,1,0,,,,,0,,0
runs,UNDER,"[-1999,-1500]",2026-05,103,89,84.27,-11.05,-19.08,-3.02,-9.833,0.5,2
runs,UNDER,"[-1499,-1000]",2026-05,143,136,84.56,-8.74,-15.32,-2.16,-11.881,0.5,2
runs,UNDER,"[-1499,-1000]",2025-06,1,1,100.0,8.33,8.33,8.33,0.083,1.0,1
runs,UNDER,"[-999,-800]",2026-05,7,7,100.0,11.11,11.11,11.11,0.778,1.0,1
runs,UNDER,"[-499,-400]",2026-05,28,14,100.0,24.72,24.58,24.87,3.461,1.0,1
runs,UNDER,"[-499,-400]",2025-06,1,0,,,,,0,,0
runs,UNDER,"[-399,-300]",2026-05,342,244,75.82,-0.78,-7.82,6.27,-1.893,0.636,11
runs,UNDER,"[-399,-300]",2025-06,26,0,,,,,0,,0
strikeouts,OVER,"[-1499,-1000]",2026-05,6,0,,,,,0,,0
strikeouts,OVER,"[-999,-800]",2026-05,26,0,,,,,0,,0
strikeouts,OVER,"[-799,-600]",2026-05,95,0,,,,,0,,0
strikeouts,OVER,"[-599,-500]",2026-05,145,0,,,,,0,,0
strikeouts,OVER,"[-499,-400]",2026-05,612,0,,,,,0,,0
strikeouts,OVER,"[-399,-300]",2026-05,1182,0,,,,,0,,0
total_bases,OVER,"[-499,-400]",2026-05,41,41,80.49,-0.51,-15.69,14.67,-0.209,0.667,3
total_bases,OVER,"[-399,-300]",2026-05,361,340,66.47,-12.78,-19.38,-6.18,-43.454,0.25,12
total_bases,UNDER,"[-599,-500]",2026-05,14,14,100.0,19.09,18.6,19.59,2.673,1.0,2
total_bases,UNDER,"[-499,-400]",2026-05,371,295,83.05,3.09,-2.24,8.41,9.106,0.75,12
total_bases,UNDER,"[-499,-400]",2025-06,1,1,100.0,25.0,25.0,25.0,0.25,1.0,1
total_bases,UNDER,"[-399,-300]",2026-05,2775,2308,70.75,-7.26,-9.69,-4.82,-167.515,0.286,14
total_bases,UNDER,"[-399,-300]",2025-06,2,2,100.0,32.05,29.54,34.56,0.641,1.0,1
