label,hr_min,edg_min,cv_max,mu_min,tp_min,n_total,n_graded,wins,losses,HR_pct,ROI_pct,ROI_lo,ROI_hi,P_and_L,consist,graded_days
HR≥-/EDG≥5/CV≤0.4/μ≥-/TP≥-,,5,0.4,,,24,20,12,8,60.0,37.25,-13.36,87.86,7.45,0.889,9
HR≥-/EDG≥-/CV≤0.5/μ≥0.5/TP≥-,,,0.5,0.5,,27,24,14,10,58.33,30.58,-14.71,75.87,7.34,0.636,11
HR≥-/EDG≥-5/CV≤0.5/μ≥0.5/TP≥-,,-5,0.5,0.5,,27,24,14,10,58.33,30.58,-14.71,75.87,7.34,0.636,11
HR≥-/EDG≥0/CV≤0.5/μ≥0.5/TP≥-,,0,0.5,0.5,,27,24,14,10,58.33,30.58,-14.71,75.87,7.34,0.636,11
HR≥-/EDG≥5/CV≤0.5/μ≥0.5/TP≥-,,5,0.5,0.5,,27,24,14,10,58.33,30.58,-14.71,75.87,7.34,0.636,11
HR≥-/EDG≥10/CV≤0.5/μ≥0.5/TP≥-,,10,0.5,0.5,,27,24,14,10,58.33,30.58,-14.71,75.87,7.34,0.636,11
HR≥-/EDG≥0/CV≤0.4/μ≥-/TP≥-,,0,0.4,,,27,23,13,10,56.52,28.35,-18.91,75.6,6.52,0.7,10
HR≥-/EDG≥-5/CV≤0.4/μ≥-/TP≥-,,-5,0.4,,,32,28,16,12,57.14,27.93,-14.07,69.93,7.82,0.7,10
HR≥-/EDG≥10/CV≤0.5/μ≥-/TP≥-,,10,0.5,,,38,34,19,15,55.88,26.65,-11.88,65.17,9.06,0.583,12
HR≥-/EDG≥10/CV≤0.5/μ≥0/TP≥-,,10,0.5,0,,38,34,19,15,55.88,26.65,-11.88,65.17,9.06,0.583,12
HR≥-/EDG≥5/CV≤0.7/μ≥0/TP≥-,,5,0.7,0,,50,46,26,20,56.52,26.63,-5.95,59.21,12.25,0.75,12
HR≥-/EDG≥5/CV≤0.7/μ≥-/TP≥-,,5,0.7,,,53,48,27,21,56.25,26.46,-5.56,58.47,12.7,0.75,12
HR≥-/EDG≥-5/CV≤0.5/μ≥-/TP≥-,,-5,0.5,,,53,48,27,21,56.25,25.79,-6.07,57.66,12.38,0.5,12
HR≥-/EDG≥5/CV≤0.5/μ≥0/TP≥-,,5,0.5,0,,40,36,20,16,55.56,25.31,-11.97,62.58,9.11,0.667,12
HR≥-/EDG≥-/CV≤0.7/μ≥0.5/TP≥-,,,0.7,0.5,,35,32,18,14,56.25,25.25,-13.8,64.3,8.08,0.583,12
HR≥-/EDG≥-5/CV≤0.7/μ≥0.5/TP≥-,,-5,0.7,0.5,,35,32,18,14,56.25,25.25,-13.8,64.3,8.08,0.583,12
HR≥-/EDG≥0/CV≤0.7/μ≥0.5/TP≥-,,0,0.7,0.5,,35,32,18,14,56.25,25.25,-13.8,64.3,8.08,0.583,12
HR≥-/EDG≥5/CV≤0.7/μ≥0.5/TP≥-,,5,0.7,0.5,,35,32,18,14,56.25,25.25,-13.8,64.3,8.08,0.583,12
HR≥-/EDG≥10/CV≤0.7/μ≥0.5/TP≥-,,10,0.7,0.5,,35,32,18,14,56.25,25.25,-13.8,64.3,8.08,0.583,12
HR≥-/EDG≥5/CV≤0.5/μ≥-/TP≥-,,5,0.5,,,42,38,21,17,55.26,25.16,-11.27,61.59,9.56,0.667,12
HR≥-/EDG≥10/CV≤0.45/μ≥-/TP≥-,,10,0.45,,,33,29,16,13,55.17,24.83,-16.99,66.64,7.2,0.636,11
HR≥-/EDG≥10/CV≤0.45/μ≥0/TP≥-,,10,0.45,0,,33,29,16,13,55.17,24.83,-16.99,66.64,7.2,0.636,11
HR≥-/EDG≥5/CV≤-/μ≥0/TP≥-,,5,,0,,54,49,27,22,55.1,23.49,-8.16,55.14,11.51,0.667,12
HR≥-/EDG≥5/CV≤-/μ≥-/TP≥-,,5,,,,57,51,28,23,54.9,23.45,-7.68,54.58,11.96,0.75,12
HR≥-/EDG≥5/CV≤0.45/μ≥0/TP≥-,,5,0.45,0,,35,31,17,14,54.84,23.39,-16.83,63.6,7.25,0.727,11
HR≥-/EDG≥5/CV≤0.45/μ≥-/TP≥-,,5,0.45,,,37,33,18,15,54.55,23.33,-15.83,62.49,7.7,0.727,11
HR≥-/EDG≥10/CV≤0.7/μ≥-/TP≥-,,10,0.7,,,46,42,23,19,54.76,23.33,-11.11,57.78,9.8,0.583,12
HR≥-/EDG≥10/CV≤0.7/μ≥0/TP≥-,,10,0.7,0,,46,42,23,19,54.76,23.33,-11.11,57.78,9.8,0.583,12
HR≥-/EDG≥5/CV≤0.6/μ≥-/TP≥-,,5,0.6,,,51,46,25,21,54.35,22.33,-10.57,55.22,10.27,0.75,12
HR≥-/EDG≥5/CV≤0.6/μ≥0/TP≥-,,5,0.6,0,,48,44,24,20,54.55,22.32,-11.19,55.83,9.82,0.75,12
HR≥-/EDG≥-/CV≤0.6/μ≥0.5/TP≥-,,,0.6,0.5,,34,31,17,14,54.84,22.26,-17.61,62.13,6.9,0.583,12
HR≥-/EDG≥-5/CV≤0.6/μ≥0.5/TP≥-,,-5,0.6,0.5,,34,31,17,14,54.84,22.26,-17.61,62.13,6.9,0.583,12
HR≥-/EDG≥0/CV≤0.6/μ≥0.5/TP≥-,,0,0.6,0.5,,34,31,17,14,54.84,22.26,-17.61,62.13,6.9,0.583,12
HR≥-/EDG≥5/CV≤0.6/μ≥0.5/TP≥-,,5,0.6,0.5,,34,31,17,14,54.84,22.26,-17.61,62.13,6.9,0.583,12
HR≥-/EDG≥10/CV≤0.6/μ≥0.5/TP≥-,,10,0.6,0.5,,34,31,17,14,54.84,22.26,-17.61,62.13,6.9,0.583,12
HR≥-/EDG≥-/CV≤0.5/μ≥0/TP≥-,,,0.5,0,,41,37,20,17,54.05,21.92,-14.93,58.77,8.11,0.583,12
HR≥-/EDG≥-5/CV≤0.5/μ≥0/TP≥-,,-5,0.5,0,,41,37,20,17,54.05,21.92,-14.93,58.77,8.11,0.583,12
HR≥-/EDG≥0/CV≤0.5/μ≥0/TP≥-,,0,0.5,0,,41,37,20,17,54.05,21.92,-14.93,58.77,8.11,0.583,12
HR≥-/EDG≥-5/CV≤0.45/μ≥-/TP≥-,,-5,0.45,,,46,42,23,19,54.76,21.71,-12.3,55.73,9.12,0.636,11
HR≥-/EDG≥-/CV≤0.7/μ≥0/TP≥-,,,0.7,0,,52,48,26,22,54.17,21.35,-10.68,53.39,10.25,0.667,12
HR≥-/EDG≥-5/CV≤0.7/μ≥0/TP≥-,,-5,0.7,0,,52,48,26,22,54.17,21.35,-10.68,53.39,10.25,0.667,12
HR≥-/EDG≥0/CV≤0.7/μ≥0/TP≥-,,0,0.7,0,,52,48,26,22,54.17,21.35,-10.68,53.39,10.25,0.667,12
HR≥-/EDG≥0/CV≤0.5/μ≥-/TP≥-,,0,0.5,,,46,41,22,19,53.66,21.05,-13.95,56.05,8.63,0.583,12
HR≥-/EDG≥10/CV≤0.6/μ≥-/TP≥-,,10,0.6,,,45,41,22,19,53.66,21.02,-13.96,56.01,8.62,0.583,12
HR≥-/EDG≥10/CV≤0.6/μ≥0/TP≥-,,10,0.6,0,,45,41,22,19,53.66,21.02,-13.96,56.01,8.62,0.583,12
HR≥-/EDG≥-/CV≤0.6/μ≥0/TP≥-,,,0.6,0,,49,45,24,21,53.33,19.6,-13.59,52.79,8.82,0.667,12
HR≥-/EDG≥-5/CV≤0.6/μ≥0/TP≥-,,-5,0.6,0,,49,45,24,21,53.33,19.6,-13.59,52.79,8.82,0.667,12
HR≥-/EDG≥0/CV≤0.6/μ≥0/TP≥-,,0,0.6,0,,49,45,24,21,53.33,19.6,-13.59,52.79,8.82,0.667,12
HR≥-/EDG≥-/CV≤0.45/μ≥0/TP≥-,,,0.45,0,,36,32,17,15,53.12,19.53,-20.14,59.2,6.25,0.636,11
HR≥-/EDG≥-5/CV≤0.45/μ≥0/TP≥-,,-5,0.45,0,,36,32,17,15,53.12,19.53,-20.14,59.2,6.25,0.636,11
HR≥-/EDG≥0/CV≤0.45/μ≥0/TP≥-,,0,0.45,0,,36,32,17,15,53.12,19.53,-20.14,59.2,6.25,0.636,11
HR≥-/EDG≥0/CV≤0.45/μ≥-/TP≥-,,0,0.45,,,40,36,19,17,52.78,18.81,-18.57,56.18,6.77,0.636,11
HR≥-/EDG≥-/CV≤-/μ≥0/TP≥-,,,,0,,56,51,27,24,52.94,18.65,-12.47,49.76,9.51,0.583,12
HR≥-/EDG≥-5/CV≤-/μ≥0/TP≥-,,-5,,0,,56,51,27,24,52.94,18.65,-12.47,49.76,9.51,0.583,12
HR≥-/EDG≥0/CV≤-/μ≥0/TP≥-,,0,,0,,56,51,27,24,52.94,18.65,-12.47,49.76,9.51,0.583,12
HR≥-/EDG≥-/CV≤-/μ≥0.5/TP≥-,,,,0.5,,37,34,18,16,52.94,17.88,-20.19,55.95,6.08,0.5,12
HR≥-/EDG≥-5/CV≤-/μ≥0.5/TP≥-,,-5,,0.5,,37,34,18,16,52.94,17.88,-20.19,55.95,6.08,0.5,12
HR≥-/EDG≥0/CV≤-/μ≥0.5/TP≥-,,0,,0.5,,37,34,18,16,52.94,17.88,-20.19,55.95,6.08,0.5,12
HR≥-/EDG≥5/CV≤-/μ≥0.5/TP≥-,,5,,0.5,,37,34,18,16,52.94,17.88,-20.19,55.95,6.08,0.5,12
HR≥-/EDG≥10/CV≤-/μ≥0.5/TP≥-,,10,,0.5,,37,34,18,16,52.94,17.88,-20.19,55.95,6.08,0.5,12
HR≥-/EDG≥10/CV≤-/μ≥-/TP≥-,,10,,,,48,44,23,21,52.27,17.73,-16.02,51.47,7.8,0.583,12
HR≥-/EDG≥10/CV≤-/μ≥0/TP≥-,,10,,0,,48,44,23,21,52.27,17.73,-16.02,51.47,7.8,0.583,12
HR≥-/EDG≥-5/CV≤0.6/μ≥-/TP≥-,,-5,0.6,,,67,60,31,29,51.67,15.15,-13.39,43.69,9.09,0.583,12
HR≥-/EDG≥-5/CV≤0.7/μ≥-/TP≥-,,-5,0.7,,,72,65,33,32,50.77,13.11,-14.29,40.51,8.52,0.583,12
HR≥-/EDG≥0/CV≤0.6/μ≥-/TP≥-,,0,0.6,,,58,52,26,26,50.0,12.19,-18.72,43.11,6.34,0.667,12
HR≥-/EDG≥-5/CV≤-/μ≥-/TP≥-,,-5,,,,78,70,35,35,50.0,11.4,-14.98,37.78,7.98,0.583,12
HR≥-/EDG≥0/CV≤-/μ≥-/TP≥-,,0,,,,68,61,30,31,49.18,10.21,-18.23,38.66,6.23,0.5,12
HR≥-/EDG≥0/CV≤0.7/μ≥-/TP≥-,,0,0.7,,,63,57,28,29,49.12,10.12,-19.34,39.58,5.77,0.583,12
HR≥-/EDG≥-/CV≤0.5/μ≥-/TP≥-,,,0.5,,,79,72,35,37,48.61,9.85,-16.53,36.23,7.09,0.667,12
HR≥-/EDG≥-/CV≤0.4/μ≥-/TP≥-,,,0.4,,,44,40,19,21,47.5,6.97,-28.48,42.43,2.79,0.4,10
HR≥-/EDG≥-/CV≤0.45/μ≥-/TP≥-,,,0.45,,,66,61,29,32,47.54,6.54,-21.89,34.97,3.99,0.636,11
HR≥-/EDG≥-/CV≤0.6/μ≥-/TP≥-,,,0.6,,,97,88,40,48,45.45,2.56,-21.15,26.26,2.25,0.417,12
HR≥-/EDG≥-/CV≤0.7/μ≥-/TP≥-,,,0.7,,,112,101,45,56,44.55,0.36,-21.67,22.38,0.36,0.5,12
HR≥-/EDG≥-/CV≤-/μ≥-/TP≥-,,,,,,125,112,48,64,42.86,-3.42,-24.24,17.4,-3.83,0.417,12
