band,fold,HR20,EDG_min,CV_max,mu_min,n_total,n_graded,wins,losses,HR_pct,ROI_pct,ROI_lo,ROI_hi,P_and_L,consist,grd_days,max_win_day,max_loss_day
"[-149,-110]",OVERALL,-,5,0.7,-,40,37,22,15,59.46,6.98,-21.94,35.9,2.583,0.636,11,2026-05-08/4p/+1.55u,2026-05-10/6p/-2.49u
"[-149,-110]",OVERALL,-,5,0.7,≥0.0,40,37,22,15,59.46,6.98,-21.94,35.9,2.583,0.636,11,2026-05-08/4p/+1.55u,2026-05-10/6p/-2.49u
"[-149,-110]",OVERALL,-,5,0.7,≥0.5,38,35,22,13,62.86,13.09,-16.19,42.38,4.583,0.636,11,2026-05-08/4p/+1.55u,2026-05-10/5p/-1.49u
"[-149,-110]",OVERALL,-,5,0.5,-,27,24,14,10,58.33,4.25,-31.8,40.31,1.021,0.444,9,2026-05-08/2p/+1.67u,2026-05-10/5p/-1.49u
"[-149,-110]",OVERALL,-,5,0.5,≥0.0,27,24,14,10,58.33,4.25,-31.8,40.31,1.021,0.444,9,2026-05-08/2p/+1.67u,2026-05-10/5p/-1.49u
"[-149,-110]",OVERALL,-,5,0.5,≥0.5,26,23,14,9,60.87,8.79,-27.71,45.29,2.021,0.556,9,2026-05-08/2p/+1.67u,2026-05-10/5p/-1.49u
"[-149,-110]",OVERALL,-,5,0.4,-,17,15,7,8,46.67,-16.62,-63.36,30.12,-2.493,0.444,9,2026-05-08/2p/+1.67u,2026-05-10/3p/-3.00u
"[-149,-110]",OVERALL,-,5,0.4,≥0.0,17,15,7,8,46.67,-16.62,-63.36,30.12,-2.493,0.444,9,2026-05-08/2p/+1.67u,2026-05-10/3p/-3.00u
"[-149,-110]",OVERALL,-,5,0.4,≥0.5,16,14,7,7,50.0,-10.67,-59.28,37.95,-1.493,0.444,9,2026-05-08/2p/+1.67u,2026-05-10/3p/-3.00u
"[-149,-110]",OVERALL,≥50,5,0.7,-,17,15,8,7,53.33,-5.06,-51.67,41.56,-0.759,0.5,8,2026-05-12/1p/+0.91u,2026-05-10/4p/-2.20u
"[-149,-110]",OVERALL,≥50,5,0.7,≥0.0,17,15,8,7,53.33,-5.06,-51.67,41.56,-0.759,0.5,8,2026-05-12/1p/+0.91u,2026-05-10/4p/-2.20u
"[-149,-110]",OVERALL,≥50,5,0.7,≥0.5,17,15,8,7,53.33,-5.06,-51.67,41.56,-0.759,0.5,8,2026-05-12/1p/+0.91u,2026-05-10/4p/-2.20u
"[-149,-110]",OVERALL,≥50,5,0.5,-,15,13,6,7,46.15,-18.13,-68.22,31.95,-2.357,0.286,7,2026-05-08/1p/+0.87u,2026-05-10/4p/-2.20u
"[-149,-110]",OVERALL,≥50,5,0.5,≥0.0,15,13,6,7,46.15,-18.13,-68.22,31.95,-2.357,0.286,7,2026-05-08/1p/+0.87u,2026-05-10/4p/-2.20u
"[-149,-110]",OVERALL,≥50,5,0.5,≥0.5,15,13,6,7,46.15,-18.13,-68.22,31.95,-2.357,0.286,7,2026-05-08/1p/+0.87u,2026-05-10/4p/-2.20u
"[-149,-110]",OVERALL,≥50,5,0.4,-,12,11,4,7,36.36,-35.7,-88.49,17.1,-3.926,0.286,7,2026-05-08/1p/+0.87u,2026-05-10/3p/-3.00u
"[-149,-110]",OVERALL,≥50,5,0.4,≥0.0,12,11,4,7,36.36,-35.7,-88.49,17.1,-3.926,0.286,7,2026-05-08/1p/+0.87u,2026-05-10/3p/-3.00u
"[-149,-110]",OVERALL,≥50,5,0.4,≥0.5,12,11,4,7,36.36,-35.7,-88.49,17.1,-3.926,0.286,7,2026-05-08/1p/+0.87u,2026-05-10/3p/-3.00u
"[-149,-110]",A: 05-03..06,-,5,0.7,-,11,10,6,4,60.0,8.21,-49.63,66.05,0.821,0.667,3,2026-05-05/4p/+1.39u,2026-05-06/5p/-1.44u
"[-149,-110]",A: 05-03..06,-,5,0.7,≥0.0,11,10,6,4,60.0,8.21,-49.63,66.05,0.821,0.667,3,2026-05-05/4p/+1.39u,2026-05-06/5p/-1.44u
"[-149,-110]",A: 05-03..06,-,5,0.7,≥0.5,10,9,6,3,66.67,20.23,-38.82,79.28,1.821,0.667,3,2026-05-05/4p/+1.39u,2026-05-06/4p/-0.44u
"[-149,-110]",A: 05-03..06,-,5,0.5,-,7,6,3,3,50.0,-11.11,-89.15,66.93,-0.667,0.0,2,2026-05-05/2p/+-0.23u,2026-05-06/4p/-0.44u
"[-149,-110]",A: 05-03..06,-,5,0.5,≥0.0,7,6,3,3,50.0,-11.11,-89.15,66.93,-0.667,0.0,2,2026-05-05/2p/+-0.23u,2026-05-06/4p/-0.44u
"[-149,-110]",A: 05-03..06,-,5,0.5,≥0.5,6,5,3,2,60.0,6.66,-78.86,92.19,0.333,0.5,2,2026-05-06/3p/+0.56u,2026-05-05/2p/-0.23u
"[-149,-110]",A: 05-03..06,-,5,0.4,-,4,3,0,3,0.0,-100.0,-100.0,-100.0,-3.0,0.0,2,2026-05-05/1p/+-1.00u,2026-05-06/2p/-2.00u
"[-149,-110]",A: 05-03..06,-,5,0.4,≥0.0,4,3,0,3,0.0,-100.0,-100.0,-100.0,-3.0,0.0,2,2026-05-05/1p/+-1.00u,2026-05-06/2p/-2.00u
"[-149,-110]",A: 05-03..06,-,5,0.4,≥0.5,3,2,0,2,0.0,-100.0,-100.0,-100.0,-2.0,0.0,2,2026-05-05/1p/+-1.00u,2026-05-05/1p/-1.00u
"[-149,-110]",A: 05-03..06,≥50,5,0.7,-,3,3,1,2,33.33,-41.03,-156.62,74.56,-1.231,0.0,2,2026-05-05/2p/+-0.23u,2026-05-06/1p/-1.00u
"[-149,-110]",A: 05-03..06,≥50,5,0.7,≥0.0,3,3,1,2,33.33,-41.03,-156.62,74.56,-1.231,0.0,2,2026-05-05/2p/+-0.23u,2026-05-06/1p/-1.00u
"[-149,-110]",A: 05-03..06,≥50,5,0.7,≥0.5,3,3,1,2,33.33,-41.03,-156.62,74.56,-1.231,0.0,2,2026-05-05/2p/+-0.23u,2026-05-06/1p/-1.00u
"[-149,-110]",A: 05-03..06,≥50,5,0.5,-,3,3,1,2,33.33,-41.03,-156.62,74.56,-1.231,0.0,2,2026-05-05/2p/+-0.23u,2026-05-06/1p/-1.00u
"[-149,-110]",A: 05-03..06,≥50,5,0.5,≥0.0,3,3,1,2,33.33,-41.03,-156.62,74.56,-1.231,0.0,2,2026-05-05/2p/+-0.23u,2026-05-06/1p/-1.00u
"[-149,-110]",A: 05-03..06,≥50,5,0.5,≥0.5,3,3,1,2,33.33,-41.03,-156.62,74.56,-1.231,0.0,2,2026-05-05/2p/+-0.23u,2026-05-06/1p/-1.00u
"[-149,-110]",A: 05-03..06,≥50,5,0.4,-,2,2,0,2,0.0,-100.0,-100.0,-100.0,-2.0,0.0,2,2026-05-05/1p/+-1.00u,2026-05-05/1p/-1.00u
"[-149,-110]",A: 05-03..06,≥50,5,0.4,≥0.0,2,2,0,2,0.0,-100.0,-100.0,-100.0,-2.0,0.0,2,2026-05-05/1p/+-1.00u,2026-05-05/1p/-1.00u
"[-149,-110]",A: 05-03..06,≥50,5,0.4,≥0.5,2,2,0,2,0.0,-100.0,-100.0,-100.0,-2.0,0.0,2,2026-05-05/1p/+-1.00u,2026-05-05/1p/-1.00u
"[-149,-110]",B: 05-07..10,-,5,0.7,-,15,13,7,6,53.85,-3.01,-53.88,47.86,-0.391,0.667,3,2026-05-08/4p/+1.55u,2026-05-10/6p/-2.49u
"[-149,-110]",B: 05-07..10,-,5,0.7,≥0.0,15,13,7,6,53.85,-3.01,-53.88,47.86,-0.391,0.667,3,2026-05-08/4p/+1.55u,2026-05-10/6p/-2.49u
"[-149,-110]",B: 05-07..10,-,5,0.7,≥0.5,14,12,7,5,58.33,5.07,-47.48,57.62,0.609,0.667,3,2026-05-08/4p/+1.55u,2026-05-10/5p/-1.49u
"[-149,-110]",B: 05-07..10,-,5,0.5,-,12,10,6,4,60.0,7.31,-50.01,64.64,0.731,0.667,3,2026-05-08/2p/+1.67u,2026-05-10/5p/-1.49u
"[-149,-110]",B: 05-07..10,-,5,0.5,≥0.0,12,10,6,4,60.0,7.31,-50.01,64.64,0.731,0.667,3,2026-05-08/2p/+1.67u,2026-05-10/5p/-1.49u
"[-149,-110]",B: 05-07..10,-,5,0.5,≥0.5,12,10,6,4,60.0,7.31,-50.01,64.64,0.731,0.667,3,2026-05-08/2p/+1.67u,2026-05-10/5p/-1.49u
"[-149,-110]",B: 05-07..10,-,5,0.4,-,7,6,3,3,50.0,-10.27,-89.02,68.48,-0.616,0.667,3,2026-05-08/2p/+1.67u,2026-05-10/3p/-3.00u
"[-149,-110]",B: 05-07..10,-,5,0.4,≥0.0,7,6,3,3,50.0,-10.27,-89.02,68.48,-0.616,0.667,3,2026-05-08/2p/+1.67u,2026-05-10/3p/-3.00u
"[-149,-110]",B: 05-07..10,-,5,0.4,≥0.5,7,6,3,3,50.0,-10.27,-89.02,68.48,-0.616,0.667,3,2026-05-08/2p/+1.67u,2026-05-10/3p/-3.00u
"[-149,-110]",B: 05-07..10,≥50,5,0.7,-,8,6,3,3,50.0,-10.27,-89.02,68.48,-0.616,0.667,3,2026-05-08/1p/+0.87u,2026-05-10/4p/-2.20u
"[-149,-110]",B: 05-07..10,≥50,5,0.7,≥0.0,8,6,3,3,50.0,-10.27,-89.02,68.48,-0.616,0.667,3,2026-05-08/1p/+0.87u,2026-05-10/4p/-2.20u
"[-149,-110]",B: 05-07..10,≥50,5,0.7,≥0.5,8,6,3,3,50.0,-10.27,-89.02,68.48,-0.616,0.667,3,2026-05-08/1p/+0.87u,2026-05-10/4p/-2.20u
"[-149,-110]",B: 05-07..10,≥50,5,0.5,-,8,6,3,3,50.0,-10.27,-89.02,68.48,-0.616,0.667,3,2026-05-08/1p/+0.87u,2026-05-10/4p/-2.20u
"[-149,-110]",B: 05-07..10,≥50,5,0.5,≥0.0,8,6,3,3,50.0,-10.27,-89.02,68.48,-0.616,0.667,3,2026-05-08/1p/+0.87u,2026-05-10/4p/-2.20u
"[-149,-110]",B: 05-07..10,≥50,5,0.5,≥0.5,8,6,3,3,50.0,-10.27,-89.02,68.48,-0.616,0.667,3,2026-05-08/1p/+0.87u,2026-05-10/4p/-2.20u
"[-149,-110]",B: 05-07..10,≥50,5,0.4,-,6,5,2,3,40.0,-28.32,-114.49,57.84,-1.416,0.667,3,2026-05-08/1p/+0.87u,2026-05-10/3p/-3.00u
"[-149,-110]",B: 05-07..10,≥50,5,0.4,≥0.0,6,5,2,3,40.0,-28.32,-114.49,57.84,-1.416,0.667,3,2026-05-08/1p/+0.87u,2026-05-10/3p/-3.00u
"[-149,-110]",B: 05-07..10,≥50,5,0.4,≥0.5,6,5,2,3,40.0,-28.32,-114.49,57.84,-1.416,0.667,3,2026-05-08/1p/+0.87u,2026-05-10/3p/-3.00u
"[-149,-110]",C: 05-11..15,-,5,0.7,-,14,14,9,5,64.29,15.38,-31.51,62.28,2.154,0.6,5,2026-05-11/2p/+1.52u,2026-05-14/1p/-1.00u
"[-149,-110]",C: 05-11..15,-,5,0.7,≥0.0,14,14,9,5,64.29,15.38,-31.51,62.28,2.154,0.6,5,2026-05-11/2p/+1.52u,2026-05-14/1p/-1.00u
"[-149,-110]",C: 05-11..15,-,5,0.7,≥0.5,14,14,9,5,64.29,15.38,-31.51,62.28,2.154,0.6,5,2026-05-11/2p/+1.52u,2026-05-14/1p/-1.00u
"[-149,-110]",C: 05-11..15,-,5,0.5,-,8,8,5,3,62.5,11.95,-52.36,76.27,0.956,0.5,4,2026-05-11/1p/+0.83u,2026-05-12/2p/-0.20u
"[-149,-110]",C: 05-11..15,-,5,0.5,≥0.0,8,8,5,3,62.5,11.95,-52.36,76.27,0.956,0.5,4,2026-05-11/1p/+0.83u,2026-05-12/2p/-0.20u
"[-149,-110]",C: 05-11..15,-,5,0.5,≥0.5,8,8,5,3,62.5,11.95,-52.36,76.27,0.956,0.5,4,2026-05-11/1p/+0.83u,2026-05-12/2p/-0.20u
"[-149,-110]",C: 05-11..15,-,5,0.4,-,6,6,4,2,66.67,18.72,-54.97,92.4,1.123,0.5,4,2026-05-11/1p/+0.83u,2026-05-15/2p/-0.31u
"[-149,-110]",C: 05-11..15,-,5,0.4,≥0.0,6,6,4,2,66.67,18.72,-54.97,92.4,1.123,0.5,4,2026-05-11/1p/+0.83u,2026-05-15/2p/-0.31u
"[-149,-110]",C: 05-11..15,-,5,0.4,≥0.5,6,6,4,2,66.67,18.72,-54.97,92.4,1.123,0.5,4,2026-05-11/1p/+0.83u,2026-05-15/2p/-0.31u
"[-149,-110]",C: 05-11..15,≥50,5,0.7,-,6,6,4,2,66.67,18.14,-55.37,91.65,1.088,0.667,3,2026-05-12/1p/+0.91u,2026-05-15/2p/-0.31u
"[-149,-110]",C: 05-11..15,≥50,5,0.7,≥0.0,6,6,4,2,66.67,18.14,-55.37,91.65,1.088,0.667,3,2026-05-12/1p/+0.91u,2026-05-15/2p/-0.31u
"[-149,-110]",C: 05-11..15,≥50,5,0.7,≥0.5,6,6,4,2,66.67,18.14,-55.37,91.65,1.088,0.667,3,2026-05-12/1p/+0.91u,2026-05-15/2p/-0.31u
"[-149,-110]",C: 05-11..15,≥50,5,0.5,-,4,4,2,2,50.0,-12.76,-111.58,86.06,-0.51,0.0,2,2026-05-13/2p/+-0.20u,2026-05-15/2p/-0.31u
"[-149,-110]",C: 05-11..15,≥50,5,0.5,≥0.0,4,4,2,2,50.0,-12.76,-111.58,86.06,-0.51,0.0,2,2026-05-13/2p/+-0.20u,2026-05-15/2p/-0.31u
"[-149,-110]",C: 05-11..15,≥50,5,0.5,≥0.5,4,4,2,2,50.0,-12.76,-111.58,86.06,-0.51,0.0,2,2026-05-13/2p/+-0.20u,2026-05-15/2p/-0.31u
"[-149,-110]",C: 05-11..15,≥50,5,0.4,-,4,4,2,2,50.0,-12.76,-111.58,86.06,-0.51,0.0,2,2026-05-13/2p/+-0.20u,2026-05-15/2p/-0.31u
"[-149,-110]",C: 05-11..15,≥50,5,0.4,≥0.0,4,4,2,2,50.0,-12.76,-111.58,86.06,-0.51,0.0,2,2026-05-13/2p/+-0.20u,2026-05-15/2p/-0.31u
"[-149,-110]",C: 05-11..15,≥50,5,0.4,≥0.5,4,4,2,2,50.0,-12.76,-111.58,86.06,-0.51,0.0,2,2026-05-13/2p/+-0.20u,2026-05-15/2p/-0.31u
"[-109,+100]",OVERALL,-,5,0.7,-,12,11,7,4,63.64,25.56,-33.29,84.4,2.811,0.625,8,2026-05-13/2p/+2.00u,2026-05-04/1p/-1.00u
"[-109,+100]",OVERALL,-,5,0.7,≥0.0,12,11,7,4,63.64,25.56,-33.29,84.4,2.811,0.625,8,2026-05-13/2p/+2.00u,2026-05-04/1p/-1.00u
"[-109,+100]",OVERALL,-,5,0.7,≥0.5,10,9,5,4,55.56,9.64,-58.33,77.62,0.868,0.429,7,2026-05-13/2p/+2.00u,2026-05-04/1p/-1.00u
"[-109,+100]",OVERALL,-,5,0.5,-,11,10,7,3,70.0,38.11,-20.98,97.2,3.811,0.714,7,2026-05-13/2p/+2.00u,2026-05-04/1p/-1.00u
"[-109,+100]",OVERALL,-,5,0.5,≥0.0,11,10,7,3,70.0,38.11,-20.98,97.2,3.811,0.714,7,2026-05-13/2p/+2.00u,2026-05-04/1p/-1.00u
"[-109,+100]",OVERALL,-,5,0.5,≥0.5,9,8,5,3,62.5,23.35,-47.45,94.15,1.868,0.5,6,2026-05-13/2p/+2.00u,2026-05-04/1p/-1.00u
"[-109,+100]",OVERALL,-,5,0.4,-,5,4,3,1,75.0,46.73,-49.18,142.65,1.869,0.667,3,2026-05-12/2p/+1.93u,2026-05-04/1p/-1.00u
"[-109,+100]",OVERALL,-,5,0.4,≥0.0,5,4,3,1,75.0,46.73,-49.18,142.65,1.869,0.667,3,2026-05-12/2p/+1.93u,2026-05-04/1p/-1.00u
"[-109,+100]",OVERALL,-,5,0.4,≥0.5,3,2,1,1,50.0,-3.7,-192.44,185.04,-0.074,0.5,2,2026-05-12/1p/+0.93u,2026-05-04/1p/-1.00u
"[-109,+100]",OVERALL,≥50,5,0.7,-,3,3,2,1,66.67,28.98,-97.42,155.38,0.869,0.5,2,2026-05-14/1p/+0.94u,2026-05-12/2p/-0.07u
"[-109,+100]",OVERALL,≥50,5,0.7,≥0.0,3,3,2,1,66.67,28.98,-97.42,155.38,0.869,0.5,2,2026-05-14/1p/+0.94u,2026-05-12/2p/-0.07u
"[-109,+100]",OVERALL,≥50,5,0.7,≥0.5,2,2,1,1,50.0,-3.7,-192.44,185.04,-0.074,0.0,1,2026-05-12/2p/+-0.07u,2026-05-12/2p/-0.07u
"[-109,+100]",OVERALL,≥50,5,0.5,-,3,3,2,1,66.67,28.98,-97.42,155.38,0.869,0.5,2,2026-05-14/1p/+0.94u,2026-05-12/2p/-0.07u
"[-109,+100]",OVERALL,≥50,5,0.5,≥0.0,3,3,2,1,66.67,28.98,-97.42,155.38,0.869,0.5,2,2026-05-14/1p/+0.94u,2026-05-12/2p/-0.07u
"[-109,+100]",OVERALL,≥50,5,0.5,≥0.5,2,2,1,1,50.0,-3.7,-192.44,185.04,-0.074,0.0,1,2026-05-12/2p/+-0.07u,2026-05-12/2p/-0.07u
"[-109,+100]",OVERALL,≥50,5,0.4,-,2,2,2,0,100.0,93.47,91.75,95.18,1.869,1.0,2,2026-05-14/1p/+0.94u,2026-05-12/1p/+0.93u
"[-109,+100]",OVERALL,≥50,5,0.4,≥0.0,2,2,2,0,100.0,93.47,91.75,95.18,1.869,1.0,2,2026-05-14/1p/+0.94u,2026-05-12/1p/+0.93u
"[-109,+100]",OVERALL,≥50,5,0.4,≥0.5,1,1,1,0,100.0,92.59,92.59,92.59,0.926,1.0,1,2026-05-12/1p/+0.93u,2026-05-12/1p/+0.93u
"[-109,+100]",A: 05-03..06,-,5,0.7,-,3,3,2,1,66.67,31.4,-97.38,160.17,0.942,0.667,3,2026-05-05/1p/+0.98u,2026-05-04/1p/-1.00u
"[-109,+100]",A: 05-03..06,-,5,0.7,≥0.0,3,3,2,1,66.67,31.4,-97.38,160.17,0.942,0.667,3,2026-05-05/1p/+0.98u,2026-05-04/1p/-1.00u
"[-109,+100]",A: 05-03..06,-,5,0.7,≥0.5,3,3,2,1,66.67,31.4,-97.38,160.17,0.942,0.667,3,2026-05-05/1p/+0.98u,2026-05-04/1p/-1.00u
"[-109,+100]",A: 05-03..06,-,5,0.5,-,3,3,2,1,66.67,31.4,-97.38,160.17,0.942,0.667,3,2026-05-05/1p/+0.98u,2026-05-04/1p/-1.00u
"[-109,+100]",A: 05-03..06,-,5,0.5,≥0.0,3,3,2,1,66.67,31.4,-97.38,160.17,0.942,0.667,3,2026-05-05/1p/+0.98u,2026-05-04/1p/-1.00u
"[-109,+100]",A: 05-03..06,-,5,0.5,≥0.5,3,3,2,1,66.67,31.4,-97.38,160.17,0.942,0.667,3,2026-05-05/1p/+0.98u,2026-05-04/1p/-1.00u
"[-109,+100]",A: 05-03..06,-,5,0.4,-,1,1,0,1,0.0,-100.0,-100.0,-100.0,-1.0,0.0,1,2026-05-04/1p/+-1.00u,2026-05-04/1p/-1.00u
"[-109,+100]",A: 05-03..06,-,5,0.4,≥0.0,1,1,0,1,0.0,-100.0,-100.0,-100.0,-1.0,0.0,1,2026-05-04/1p/+-1.00u,2026-05-04/1p/-1.00u
"[-109,+100]",A: 05-03..06,-,5,0.4,≥0.5,1,1,0,1,0.0,-100.0,-100.0,-100.0,-1.0,0.0,1,2026-05-04/1p/+-1.00u,2026-05-04/1p/-1.00u
"[-109,+100]",B: 05-07..10,-,5,0.7,-,3,2,0,2,0.0,-100.0,-100.0,-100.0,-2.0,0.0,2,2026-05-08/1p/+-1.00u,2026-05-08/1p/-1.00u
"[-109,+100]",B: 05-07..10,-,5,0.7,≥0.0,3,2,0,2,0.0,-100.0,-100.0,-100.0,-2.0,0.0,2,2026-05-08/1p/+-1.00u,2026-05-08/1p/-1.00u
"[-109,+100]",B: 05-07..10,-,5,0.7,≥0.5,3,2,0,2,0.0,-100.0,-100.0,-100.0,-2.0,0.0,2,2026-05-08/1p/+-1.00u,2026-05-08/1p/-1.00u
"[-109,+100]",B: 05-07..10,-,5,0.5,-,2,1,0,1,0.0,-100.0,-100.0,-100.0,-1.0,0.0,1,2026-05-08/1p/+-1.00u,2026-05-08/1p/-1.00u
"[-109,+100]",B: 05-07..10,-,5,0.5,≥0.0,2,1,0,1,0.0,-100.0,-100.0,-100.0,-1.0,0.0,1,2026-05-08/1p/+-1.00u,2026-05-08/1p/-1.00u
"[-109,+100]",B: 05-07..10,-,5,0.5,≥0.5,2,1,0,1,0.0,-100.0,-100.0,-100.0,-1.0,0.0,1,2026-05-08/1p/+-1.00u,2026-05-08/1p/-1.00u
"[-109,+100]",C: 05-11..15,-,5,0.7,-,6,6,5,1,83.33,64.49,-0.04,129.02,3.869,1.0,3,2026-05-13/2p/+2.00u,2026-05-12/3p/+0.93u
"[-109,+100]",C: 05-11..15,-,5,0.7,≥0.0,6,6,5,1,83.33,64.49,-0.04,129.02,3.869,1.0,3,2026-05-13/2p/+2.00u,2026-05-12/3p/+0.93u
"[-109,+100]",C: 05-11..15,-,5,0.7,≥0.5,4,4,3,1,75.0,48.15,-48.7,145.0,1.926,0.5,2,2026-05-13/2p/+2.00u,2026-05-12/2p/-0.07u
"[-109,+100]",C: 05-11..15,-,5,0.5,-,6,6,5,1,83.33,64.49,-0.04,129.02,3.869,1.0,3,2026-05-13/2p/+2.00u,2026-05-12/3p/+0.93u
"[-109,+100]",C: 05-11..15,-,5,0.5,≥0.0,6,6,5,1,83.33,64.49,-0.04,129.02,3.869,1.0,3,2026-05-13/2p/+2.00u,2026-05-12/3p/+0.93u
"[-109,+100]",C: 05-11..15,-,5,0.5,≥0.5,4,4,3,1,75.0,48.15,-48.7,145.0,1.926,0.5,2,2026-05-13/2p/+2.00u,2026-05-12/2p/-0.07u
"[-109,+100]",C: 05-11..15,-,5,0.4,-,3,3,3,0,100.0,95.64,91.26,100.03,2.869,1.0,2,2026-05-12/2p/+1.93u,2026-05-14/1p/+0.94u
"[-109,+100]",C: 05-11..15,-,5,0.4,≥0.0,3,3,3,0,100.0,95.64,91.26,100.03,2.869,1.0,2,2026-05-12/2p/+1.93u,2026-05-14/1p/+0.94u
"[-109,+100]",C: 05-11..15,-,5,0.4,≥0.5,1,1,1,0,100.0,92.59,92.59,92.59,0.926,1.0,1,2026-05-12/1p/+0.93u,2026-05-12/1p/+0.93u
"[-109,+100]",C: 05-11..15,≥50,5,0.7,-,3,3,2,1,66.67,28.98,-97.42,155.38,0.869,0.5,2,2026-05-14/1p/+0.94u,2026-05-12/2p/-0.07u
"[-109,+100]",C: 05-11..15,≥50,5,0.7,≥0.0,3,3,2,1,66.67,28.98,-97.42,155.38,0.869,0.5,2,2026-05-14/1p/+0.94u,2026-05-12/2p/-0.07u
"[-109,+100]",C: 05-11..15,≥50,5,0.7,≥0.5,2,2,1,1,50.0,-3.7,-192.44,185.04,-0.074,0.0,1,2026-05-12/2p/+-0.07u,2026-05-12/2p/-0.07u
"[-109,+100]",C: 05-11..15,≥50,5,0.5,-,3,3,2,1,66.67,28.98,-97.42,155.38,0.869,0.5,2,2026-05-14/1p/+0.94u,2026-05-12/2p/-0.07u
"[-109,+100]",C: 05-11..15,≥50,5,0.5,≥0.0,3,3,2,1,66.67,28.98,-97.42,155.38,0.869,0.5,2,2026-05-14/1p/+0.94u,2026-05-12/2p/-0.07u
"[-109,+100]",C: 05-11..15,≥50,5,0.5,≥0.5,2,2,1,1,50.0,-3.7,-192.44,185.04,-0.074,0.0,1,2026-05-12/2p/+-0.07u,2026-05-12/2p/-0.07u
"[-109,+100]",C: 05-11..15,≥50,5,0.4,-,2,2,2,0,100.0,93.47,91.75,95.18,1.869,1.0,2,2026-05-14/1p/+0.94u,2026-05-12/1p/+0.93u
"[-109,+100]",C: 05-11..15,≥50,5,0.4,≥0.0,2,2,2,0,100.0,93.47,91.75,95.18,1.869,1.0,2,2026-05-14/1p/+0.94u,2026-05-12/1p/+0.93u
"[-109,+100]",C: 05-11..15,≥50,5,0.4,≥0.5,1,1,1,0,100.0,92.59,92.59,92.59,0.926,1.0,1,2026-05-12/1p/+0.93u,2026-05-12/1p/+0.93u
"[+101,+200]",OVERALL,-,5,0.7,-,53,48,27,21,56.25,26.46,-5.56,58.47,12.7,0.75,12,2026-05-03/6p/+5.17u,2026-05-04/2p/-2.00u
"[+101,+200]",OVERALL,-,5,0.7,≥0.0,50,46,26,20,56.52,26.63,-5.95,59.21,12.25,0.75,12,2026-05-03/6p/+5.17u,2026-05-04/2p/-2.00u
"[+101,+200]",OVERALL,-,5,0.7,≥0.5,35,32,18,14,56.25,25.25,-13.8,64.3,8.08,0.583,12,2026-05-06/4p/+4.99u,2026-05-04/2p/-2.00u
"[+101,+200]",OVERALL,-,5,0.5,-,42,38,21,17,55.26,25.16,-11.27,61.59,9.56,0.667,12,2026-05-03/3p/+3.91u,2026-05-04/2p/-2.00u
"[+101,+200]",OVERALL,-,5,0.5,≥0.0,40,36,20,16,55.56,25.31,-11.97,62.58,9.11,0.667,12,2026-05-03/3p/+3.91u,2026-05-04/2p/-2.00u
"[+101,+200]",OVERALL,-,5,0.5,≥0.5,27,24,14,10,58.33,30.58,-14.71,75.87,7.34,0.636,11,2026-05-06/3p/+3.84u,2026-05-04/2p/-2.00u
"[+101,+200]",OVERALL,-,5,0.4,-,24,20,12,8,60.0,37.25,-13.36,87.86,7.45,0.889,9,2026-05-13/4p/+3.05u,2026-05-04/1p/-1.00u
"[+101,+200]",OVERALL,-,5,0.4,≥0.0,22,18,11,7,61.11,38.89,-14.01,91.79,7.0,0.889,9,2026-05-13/3p/+1.60u,2026-05-04/1p/-1.00u
"[+101,+200]",OVERALL,-,5,0.4,≥0.5,16,13,9,4,69.23,55.23,-3.62,114.09,7.18,0.667,9,2026-05-13/2p/+2.60u,2026-05-04/1p/-1.00u
"[+101,+200]",OVERALL,≥50,5,0.7,-,7,6,4,2,66.67,49.83,-43.51,143.18,2.99,1.0,3,2026-05-03/2p/+2.55u,2026-05-09/2p/+0.04u
"[+101,+200]",OVERALL,≥50,5,0.7,≥0.0,7,6,4,2,66.67,49.83,-43.51,143.18,2.99,1.0,3,2026-05-03/2p/+2.55u,2026-05-09/2p/+0.04u
"[+101,+200]",OVERALL,≥50,5,0.7,≥0.5,6,5,3,2,60.0,33.8,-73.85,141.45,1.69,1.0,3,2026-05-03/1p/+1.25u,2026-05-09/2p/+0.04u
"[+101,+200]",OVERALL,≥50,5,0.5,-,7,6,4,2,66.67,49.83,-43.51,143.18,2.99,1.0,3,2026-05-03/2p/+2.55u,2026-05-09/2p/+0.04u
"[+101,+200]",OVERALL,≥50,5,0.5,≥0.0,7,6,4,2,66.67,49.83,-43.51,143.18,2.99,1.0,3,2026-05-03/2p/+2.55u,2026-05-09/2p/+0.04u
"[+101,+200]",OVERALL,≥50,5,0.5,≥0.5,6,5,3,2,60.0,33.8,-73.85,141.45,1.69,1.0,3,2026-05-03/1p/+1.25u,2026-05-09/2p/+0.04u
"[+101,+200]",OVERALL,≥50,5,0.4,-,5,4,3,1,75.0,67.25,-42.97,177.47,2.69,1.0,3,2026-05-03/1p/+1.25u,2026-05-10/2p/+0.40u
"[+101,+200]",OVERALL,≥50,5,0.4,≥0.0,5,4,3,1,75.0,67.25,-42.97,177.47,2.69,1.0,3,2026-05-03/1p/+1.25u,2026-05-10/2p/+0.40u
"[+101,+200]",OVERALL,≥50,5,0.4,≥0.5,5,4,3,1,75.0,67.25,-42.97,177.47,2.69,1.0,3,2026-05-03/1p/+1.25u,2026-05-10/2p/+0.40u
"[+101,+200]",A: 05-03..06,-,5,0.7,-,17,15,10,5,66.67,48.07,-7.06,103.19,7.21,0.75,4,2026-05-03/6p/+5.17u,2026-05-04/2p/-2.00u
"[+101,+200]",A: 05-03..06,-,5,0.7,≥0.0,16,14,10,4,71.43,58.64,3.78,113.51,8.21,0.75,4,2026-05-03/6p/+5.17u,2026-05-04/2p/-2.00u
"[+101,+200]",A: 05-03..06,-,5,0.7,≥0.5,13,11,8,3,72.73,60.55,-0.84,121.93,6.66,0.75,4,2026-05-06/4p/+4.99u,2026-05-04/2p/-2.00u
"[+101,+200]",A: 05-03..06,-,5,0.5,-,13,11,7,4,63.64,43.64,-23.94,111.21,4.8,0.75,4,2026-05-03/3p/+3.91u,2026-05-04/2p/-2.00u
"[+101,+200]",A: 05-03..06,-,5,0.5,≥0.0,12,10,7,3,70.0,58.0,-9.92,125.92,5.8,0.75,4,2026-05-03/3p/+3.91u,2026-05-04/2p/-2.00u
"[+101,+200]",A: 05-03..06,-,5,0.5,≥0.5,10,8,6,2,75.0,68.75,-3.92,141.42,5.5,0.75,4,2026-05-06/3p/+3.84u,2026-05-04/2p/-2.00u
"[+101,+200]",A: 05-03..06,-,5,0.4,-,8,6,3,3,50.0,10.67,-86.63,107.96,0.64,0.75,4,2026-05-03/1p/+1.25u,2026-05-04/1p/-1.00u
"[+101,+200]",A: 05-03..06,-,5,0.4,≥0.0,7,5,3,2,60.0,32.8,-73.86,139.46,1.64,0.75,4,2026-05-03/1p/+1.25u,2026-05-04/1p/-1.00u
"[+101,+200]",A: 05-03..06,-,5,0.4,≥0.5,6,4,3,1,75.0,66.0,-43.1,175.1,2.64,0.75,4,2026-05-06/1p/+1.34u,2026-05-04/1p/-1.00u
"[+101,+200]",A: 05-03..06,≥50,5,0.7,-,2,2,2,0,100.0,127.5,122.6,132.4,2.55,1.0,1,2026-05-03/2p/+2.55u,2026-05-03/2p/+2.55u
"[+101,+200]",A: 05-03..06,≥50,5,0.7,≥0.0,2,2,2,0,100.0,127.5,122.6,132.4,2.55,1.0,1,2026-05-03/2p/+2.55u,2026-05-03/2p/+2.55u
"[+101,+200]",A: 05-03..06,≥50,5,0.7,≥0.5,1,1,1,0,100.0,125.0,125.0,125.0,1.25,1.0,1,2026-05-03/1p/+1.25u,2026-05-03/1p/+1.25u
"[+101,+200]",A: 05-03..06,≥50,5,0.5,-,2,2,2,0,100.0,127.5,122.6,132.4,2.55,1.0,1,2026-05-03/2p/+2.55u,2026-05-03/2p/+2.55u
"[+101,+200]",A: 05-03..06,≥50,5,0.5,≥0.0,2,2,2,0,100.0,127.5,122.6,132.4,2.55,1.0,1,2026-05-03/2p/+2.55u,2026-05-03/2p/+2.55u
"[+101,+200]",A: 05-03..06,≥50,5,0.5,≥0.5,1,1,1,0,100.0,125.0,125.0,125.0,1.25,1.0,1,2026-05-03/1p/+1.25u,2026-05-03/1p/+1.25u
"[+101,+200]",A: 05-03..06,≥50,5,0.4,-,1,1,1,0,100.0,125.0,125.0,125.0,1.25,1.0,1,2026-05-03/1p/+1.25u,2026-05-03/1p/+1.25u
"[+101,+200]",A: 05-03..06,≥50,5,0.4,≥0.0,1,1,1,0,100.0,125.0,125.0,125.0,1.25,1.0,1,2026-05-03/1p/+1.25u,2026-05-03/1p/+1.25u
"[+101,+200]",A: 05-03..06,≥50,5,0.4,≥0.5,1,1,1,0,100.0,125.0,125.0,125.0,1.25,1.0,1,2026-05-03/1p/+1.25u,2026-05-03/1p/+1.25u
"[+101,+200]",B: 05-07..10,-,5,0.7,-,20,17,9,8,52.94,19.71,-35.83,75.25,3.35,1.0,3,2026-05-10/5p/+1.91u,2026-05-08/2p/+0.30u
"[+101,+200]",B: 05-07..10,-,5,0.7,≥0.0,19,17,9,8,52.94,19.71,-35.83,75.25,3.35,1.0,3,2026-05-10/5p/+1.91u,2026-05-08/2p/+0.30u
"[+101,+200]",B: 05-07..10,-,5,0.7,≥0.5,12,11,6,5,54.55,22.18,-47.28,91.64,2.44,0.667,3,2026-05-09/6p/+2.99u,2026-05-08/1p/-1.00u
"[+101,+200]",B: 05-07..10,-,5,0.5,-,16,14,7,7,50.0,12.86,-48.76,74.47,1.8,0.667,3,2026-05-10/5p/+1.91u,2026-05-09/8p/-1.41u
"[+101,+200]",B: 05-07..10,-,5,0.5,≥0.0,16,14,7,7,50.0,12.86,-48.76,74.47,1.8,0.667,3,2026-05-10/5p/+1.91u,2026-05-09/8p/-1.41u
"[+101,+200]",B: 05-07..10,-,5,0.5,≥0.5,10,9,5,4,55.56,22.67,-53.71,99.05,2.04,1.0,2,2026-05-09/5p/+1.59u,2026-05-10/4p/+0.45u
"[+101,+200]",B: 05-07..10,-,5,0.4,-,9,7,4,3,57.14,31.43,-60.16,123.02,2.2,1.0,2,2026-05-09/3p/+1.34u,2026-05-10/4p/+0.86u
"[+101,+200]",B: 05-07..10,-,5,0.4,≥0.0,9,7,4,3,57.14,31.43,-60.16,123.02,2.2,1.0,2,2026-05-09/3p/+1.34u,2026-05-10/4p/+0.86u
"[+101,+200]",B: 05-07..10,-,5,0.4,≥0.5,6,5,3,2,60.0,34.8,-73.68,143.28,1.74,0.5,2,2026-05-09/2p/+2.34u,2026-05-10/3p/-0.60u
"[+101,+200]",B: 05-07..10,≥50,5,0.7,-,5,4,2,2,50.0,11.0,-115.43,137.43,0.44,1.0,2,2026-05-10/2p/+0.40u,2026-05-09/2p/+0.04u
"[+101,+200]",B: 05-07..10,≥50,5,0.7,≥0.0,5,4,2,2,50.0,11.0,-115.43,137.43,0.44,1.0,2,2026-05-10/2p/+0.40u,2026-05-09/2p/+0.04u
"[+101,+200]",B: 05-07..10,≥50,5,0.7,≥0.5,5,4,2,2,50.0,11.0,-115.43,137.43,0.44,1.0,2,2026-05-10/2p/+0.40u,2026-05-09/2p/+0.04u
"[+101,+200]",B: 05-07..10,≥50,5,0.5,-,5,4,2,2,50.0,11.0,-115.43,137.43,0.44,1.0,2,2026-05-10/2p/+0.40u,2026-05-09/2p/+0.04u
"[+101,+200]",B: 05-07..10,≥50,5,0.5,≥0.0,5,4,2,2,50.0,11.0,-115.43,137.43,0.44,1.0,2,2026-05-10/2p/+0.40u,2026-05-09/2p/+0.04u
"[+101,+200]",B: 05-07..10,≥50,5,0.5,≥0.5,5,4,2,2,50.0,11.0,-115.43,137.43,0.44,1.0,2,2026-05-10/2p/+0.40u,2026-05-09/2p/+0.04u
"[+101,+200]",B: 05-07..10,≥50,5,0.4,-,4,3,2,1,66.67,48.0,-98.46,194.46,1.44,1.0,2,2026-05-09/1p/+1.04u,2026-05-10/2p/+0.40u
"[+101,+200]",B: 05-07..10,≥50,5,0.4,≥0.0,4,3,2,1,66.67,48.0,-98.46,194.46,1.44,1.0,2,2026-05-09/1p/+1.04u,2026-05-10/2p/+0.40u
"[+101,+200]",B: 05-07..10,≥50,5,0.4,≥0.5,4,3,2,1,66.67,48.0,-98.46,194.46,1.44,1.0,2,2026-05-09/1p/+1.04u,2026-05-10/2p/+0.40u
"[+101,+200]",C: 05-11..15,-,5,0.7,-,16,16,8,8,50.0,13.37,-44.17,70.92,2.14,0.6,5,2026-05-12/2p/+2.50u,2026-05-14/4p/-1.82u
"[+101,+200]",C: 05-11..15,-,5,0.7,≥0.0,15,15,7,8,46.67,4.6,-54.11,63.31,0.69,0.6,5,2026-05-12/2p/+2.50u,2026-05-14/4p/-1.82u
"[+101,+200]",C: 05-11..15,-,5,0.7,≥0.5,10,10,4,6,40.0,-10.2,-82.15,61.75,-1.02,0.4,5,2026-05-13/3p/+1.60u,2026-05-15/2p/-2.00u
"[+101,+200]",C: 05-11..15,-,5,0.5,-,13,13,7,6,53.85,22.77,-41.76,87.3,2.96,0.6,5,2026-05-13/4p/+3.05u,2026-05-14/2p/-2.00u
"[+101,+200]",C: 05-11..15,-,5,0.5,≥0.0,12,12,6,6,50.0,12.58,-54.13,79.3,1.51,0.6,5,2026-05-12/2p/+2.50u,2026-05-14/2p/-2.00u
"[+101,+200]",C: 05-11..15,-,5,0.5,≥0.5,7,7,3,4,42.86,-2.86,-92.75,87.03,-0.2,0.4,5,2026-05-13/2p/+2.60u,2026-05-15/2p/-2.00u
"[+101,+200]",C: 05-11..15,-,5,0.4,-,7,7,5,2,71.43,65.86,-18.37,150.08,4.61,1.0,3,2026-05-13/4p/+3.05u,2026-05-15/2p/+0.36u
"[+101,+200]",C: 05-11..15,-,5,0.4,≥0.0,6,6,4,2,66.67,52.67,-42.18,147.51,3.16,1.0,3,2026-05-13/3p/+1.60u,2026-05-15/2p/+0.36u
"[+101,+200]",C: 05-11..15,-,5,0.4,≥0.5,4,4,3,1,75.0,70.0,-41.45,181.45,2.8,0.667,3,2026-05-13/2p/+2.60u,2026-05-15/1p/-1.00u
0.7/-/sub:+101..+120,OVERALL,-,5,0.7,-,23,20,11,9,55.0,15.9,-31.29,63.09,3.18,0.8,10,2026-05-06/2p/+2.25u,2026-05-04/2p/-2.00u
0.7/-/sub:+121..+140,OVERALL,-,5,0.7,-,26,24,14,10,58.33,35.88,-11.09,82.84,8.61,0.727,11,2026-05-03/4p/+5.16u,2026-05-05/1p/-1.00u
0.7/-/sub:+141..+170,OVERALL,-,5,0.7,-,4,4,2,2,50.0,22.75,-116.16,161.66,0.91,0.667,3,2026-05-13/1p/+1.45u,2026-05-09/1p/-1.00u
0.7/≥0.0/sub:+101..+120,OVERALL,-,5,0.7,≥0.0,23,20,11,9,55.0,15.9,-31.29,63.09,3.18,0.8,10,2026-05-06/2p/+2.25u,2026-05-04/2p/-2.00u
0.7/≥0.0/sub:+121..+140,OVERALL,-,5,0.7,≥0.0,24,23,14,9,60.87,41.78,-5.76,89.32,9.61,0.8,10,2026-05-03/4p/+5.16u,2026-05-11/1p/-1.00u
0.7/≥0.0/sub:+141..+170,OVERALL,-,5,0.7,≥0.0,3,3,1,2,33.33,-18.0,-178.72,142.72,-0.54,0.5,2,2026-05-10/2p/+0.46u,2026-05-09/1p/-1.00u
0.5/-/sub:+101..+120,OVERALL,-,5,0.5,-,17,14,7,7,50.0,4.93,-52.17,62.03,0.69,0.778,9,2026-05-12/1p/+1.20u,2026-05-04/2p/-2.00u
0.5/-/sub:+121..+140,OVERALL,-,5,0.5,-,21,20,12,8,60.0,39.8,-11.56,91.16,7.96,0.636,11,2026-05-03/3p/+3.91u,2026-05-05/1p/-1.00u
0.5/-/sub:+141..+170,OVERALL,-,5,0.5,-,4,4,2,2,50.0,22.75,-116.16,161.66,0.91,0.667,3,2026-05-13/1p/+1.45u,2026-05-09/1p/-1.00u
0.5/≥0.0/sub:+101..+120,OVERALL,-,5,0.5,≥0.0,17,14,7,7,50.0,4.93,-52.17,62.03,0.69,0.778,9,2026-05-12/1p/+1.20u,2026-05-04/2p/-2.00u
0.5/≥0.0/sub:+121..+140,OVERALL,-,5,0.5,≥0.0,20,19,12,7,63.16,47.16,-4.8,99.12,8.96,0.7,10,2026-05-03/3p/+3.91u,2026-05-11/1p/-1.00u
0.5/≥0.0/sub:+141..+170,OVERALL,-,5,0.5,≥0.0,3,3,1,2,33.33,-18.0,-178.72,142.72,-0.54,0.5,2,2026-05-10/2p/+0.46u,2026-05-09/1p/-1.00u
0.4/-/sub:+101..+120,OVERALL,-,5,0.4,-,10,7,4,3,57.14,21.29,-62.89,105.46,1.49,0.667,6,2026-05-12/1p/+1.20u,2026-05-04/1p/-1.00u
0.4/-/sub:+121..+140,OVERALL,-,5,0.4,-,11,10,6,4,60.0,40.5,-34.5,115.5,4.05,0.857,7,2026-05-10/1p/+1.40u,2026-05-05/1p/-1.00u
0.4/-/sub:+141..+170,OVERALL,-,5,0.4,-,3,3,2,1,66.67,63.67,-96.73,224.06,1.91,1.0,2,2026-05-13/1p/+1.45u,2026-05-10/2p/+0.46u
0.4/≥0.0/sub:+101..+120,OVERALL,-,5,0.4,≥0.0,10,7,4,3,57.14,21.29,-62.89,105.46,1.49,0.667,6,2026-05-12/1p/+1.20u,2026-05-04/1p/-1.00u
0.4/≥0.0/sub:+121..+140,OVERALL,-,5,0.4,≥0.0,10,9,6,3,66.67,56.11,-20.44,132.67,5.05,1.0,6,2026-05-10/1p/+1.40u,2026-05-09/2p/+0.30u
0.4/≥0.0/sub:+141..+170,OVERALL,-,5,0.4,≥0.0,2,2,1,1,50.0,23.0,-218.08,264.08,0.46,1.0,1,2026-05-10/2p/+0.46u,2026-05-10/2p/+0.46u
