family,side,band,fold,cfg,n_total,n_graded,wins,losses,HR_pct,ROI_pct,ROI_lo,ROI_hi,P_and_L,consist,grd_days,max_win_day,max_loss_day
earned_runs,UNDER,"[-149,-110]",OVERALL,loose       EDG≥5  CV≤0.70,12,12,6,6,50.0,-8.19,-62.48,46.11,-0.983,0.5,8,2026-05-09/2p/+1.68u,2026-05-15/2p/-2.00u
earned_runs,UNDER,"[-149,-110]",OVERALL,medium      EDG≥5  CV≤0.50,3,3,1,2,33.33,-40.0,-157.6,77.6,-1.2,0.333,3,2026-05-08/1p/+0.80u,2026-05-10/1p/-1.00u
earned_runs,UNDER,"[-149,-110]",OVERALL,edge-loose  EDG≥10 CV≤0.70,11,11,5,6,45.45,-16.84,-73.34,39.67,-1.852,0.429,7,2026-05-09/2p/+1.68u,2026-05-15/2p/-2.00u
earned_runs,UNDER,"[-149,-110]",OVERALL,edge-med    EDG≥10 CV≤0.50,3,3,1,2,33.33,-40.0,-157.6,77.6,-1.2,0.333,3,2026-05-08/1p/+0.80u,2026-05-10/1p/-1.00u
earned_runs,UNDER,"[-149,-110]",OVERALL,HR65 loose  HR≥65 EDG≥5  CV≤0.70,2,2,1,1,50.0,-10.0,-186.4,166.4,-0.2,0.5,2,2026-05-05/1p/+0.80u,2026-05-15/1p/-1.00u
earned_runs,UNDER,"[-149,-110]",A: 05-03..06,loose       EDG≥5  CV≤0.70,3,3,2,1,66.67,22.32,-97.62,142.26,0.67,0.667,3,2026-05-04/1p/+0.87u,2026-05-03/1p/-1.00u
earned_runs,UNDER,"[-149,-110]",A: 05-03..06,edge-loose  EDG≥10 CV≤0.70,2,2,1,1,50.0,-10.0,-186.4,166.4,-0.2,0.5,2,2026-05-05/1p/+0.80u,2026-05-03/1p/-1.00u
earned_runs,UNDER,"[-149,-110]",A: 05-03..06,HR65 loose  HR≥65 EDG≥5  CV≤0.70,1,1,1,0,100.0,80.0,80.0,80.0,0.8,1.0,1,2026-05-05/1p/+0.80u,2026-05-05/1p/+0.80u
earned_runs,UNDER,"[-149,-110]",B: 05-07..10,loose       EDG≥5  CV≤0.70,4,4,3,1,75.0,36.96,-52.71,126.63,1.478,0.667,3,2026-05-09/2p/+1.68u,2026-05-10/1p/-1.00u
earned_runs,UNDER,"[-149,-110]",B: 05-07..10,medium      EDG≥5  CV≤0.50,2,2,1,1,50.0,-10.0,-186.4,166.4,-0.2,0.5,2,2026-05-08/1p/+0.80u,2026-05-10/1p/-1.00u
earned_runs,UNDER,"[-149,-110]",B: 05-07..10,edge-loose  EDG≥10 CV≤0.70,4,4,3,1,75.0,36.96,-52.71,126.63,1.478,0.667,3,2026-05-09/2p/+1.68u,2026-05-10/1p/-1.00u
earned_runs,UNDER,"[-149,-110]",B: 05-07..10,edge-med    EDG≥10 CV≤0.50,2,2,1,1,50.0,-10.0,-186.4,166.4,-0.2,0.5,2,2026-05-08/1p/+0.80u,2026-05-10/1p/-1.00u
earned_runs,UNDER,"[-149,-110]",C: 05-11..15,loose       EDG≥5  CV≤0.70,5,5,1,4,20.0,-62.61,-135.9,10.68,-3.13,0.0,2,2026-05-12/3p/-1.13u,2026-05-15/2p/-2.00u
earned_runs,UNDER,"[-149,-110]",C: 05-11..15,medium      EDG≥5  CV≤0.50,1,1,0,1,0.0,-100.0,-100.0,-100.0,-1.0,0.0,1,2026-05-12/1p/-1.00u,2026-05-12/1p/-1.00u
earned_runs,UNDER,"[-149,-110]",C: 05-11..15,edge-loose  EDG≥10 CV≤0.70,5,5,1,4,20.0,-62.61,-135.9,10.68,-3.13,0.0,2,2026-05-12/3p/-1.13u,2026-05-15/2p/-2.00u
earned_runs,UNDER,"[-149,-110]",C: 05-11..15,edge-med    EDG≥10 CV≤0.50,1,1,0,1,0.0,-100.0,-100.0,-100.0,-1.0,0.0,1,2026-05-12/1p/-1.00u,2026-05-12/1p/-1.00u
earned_runs,UNDER,"[-149,-110]",C: 05-11..15,HR65 loose  HR≥65 EDG≥5  CV≤0.70,1,1,0,1,0.0,-100.0,-100.0,-100.0,-1.0,0.0,1,2026-05-15/1p/-1.00u,2026-05-15/1p/-1.00u
earned_runs,UNDER,"[+101,+200]",OVERALL,loose       EDG≥5  CV≤0.70,3,3,3,0,100.0,104.0,102.04,105.96,3.12,1.0,3,2026-05-03/1p/+1.05u,2026-05-04/1p/+1.02u
earned_runs,UNDER,"[+101,+200]",OVERALL,edge-loose  EDG≥10 CV≤0.70,3,3,3,0,100.0,104.0,102.04,105.96,3.12,1.0,3,2026-05-03/1p/+1.05u,2026-05-04/1p/+1.02u
earned_runs,UNDER,"[+101,+200]",OVERALL,HR65 loose  HR≥65 EDG≥5  CV≤0.70,2,2,2,0,100.0,103.5,100.56,106.44,2.07,1.0,2,2026-05-03/1p/+1.05u,2026-05-04/1p/+1.02u
earned_runs,UNDER,"[+101,+200]",A: 05-03..06,loose       EDG≥5  CV≤0.70,3,3,3,0,100.0,104.0,102.04,105.96,3.12,1.0,3,2026-05-03/1p/+1.05u,2026-05-04/1p/+1.02u
earned_runs,UNDER,"[+101,+200]",A: 05-03..06,edge-loose  EDG≥10 CV≤0.70,3,3,3,0,100.0,104.0,102.04,105.96,3.12,1.0,3,2026-05-03/1p/+1.05u,2026-05-04/1p/+1.02u
earned_runs,UNDER,"[+101,+200]",A: 05-03..06,HR65 loose  HR≥65 EDG≥5  CV≤0.70,2,2,2,0,100.0,103.5,100.56,106.44,2.07,1.0,2,2026-05-03/1p/+1.05u,2026-05-04/1p/+1.02u
hits,OVER,"[-299,-200]",OVERALL,loose       EDG≥5  CV≤0.70,79,70,43,27,61.43,-12.5,-28.89,3.89,-8.748,0.25,12,2026-05-04/3p/+1.37u,2026-05-09/6p/-4.65u
hits,OVER,"[-299,-200]",OVERALL,medium      EDG≥5  CV≤0.50,10,9,7,2,77.78,11.53,-29.89,52.95,1.038,0.857,7,2026-05-06/2p/+0.99u,2026-05-09/2p/-2.00u
hits,OVER,"[-299,-200]",OVERALL,edge-loose  EDG≥10 CV≤0.70,67,59,38,21,64.41,-8.32,-25.89,9.26,-4.908,0.25,12,2026-05-15/4p/+1.69u,2026-05-09/5p/-3.65u
hits,OVER,"[-299,-200]",OVERALL,edge-med    EDG≥10 CV≤0.50,10,9,7,2,77.78,11.53,-29.89,52.95,1.038,0.857,7,2026-05-06/2p/+0.99u,2026-05-09/2p/-2.00u
hits,OVER,"[-299,-200]",OVERALL,HR65 loose  HR≥65 EDG≥5  CV≤0.70,79,70,43,27,61.43,-12.5,-28.89,3.89,-8.748,0.25,12,2026-05-04/3p/+1.37u,2026-05-09/6p/-4.65u
hits,OVER,"[-299,-200]",OVERALL,PROD-strict HR≥75 EDG≥10 CV≤0.50,9,8,6,2,75.0,6.72,-39.01,52.46,0.538,0.857,7,2026-05-06/1p/+0.49u,2026-05-09/2p/-2.00u
hits,OVER,"[-299,-200]",A: 05-03..06,loose       EDG≥5  CV≤0.70,21,21,15,6,71.43,2.88,-25.7,31.46,0.604,0.5,4,2026-05-04/3p/+1.37u,2026-05-06/7p/-1.21u
hits,OVER,"[-299,-200]",A: 05-03..06,medium      EDG≥5  CV≤0.50,4,4,4,0,100.0,43.84,37.41,50.27,1.754,1.0,3,2026-05-06/2p/+0.99u,2026-05-05/1p/+0.38u
hits,OVER,"[-299,-200]",A: 05-03..06,edge-loose  EDG≥10 CV≤0.70,15,15,11,4,73.33,5.92,-27.61,39.45,0.888,0.5,4,2026-05-04/2p/+0.91u,2026-05-06/5p/-0.56u
hits,OVER,"[-299,-200]",A: 05-03..06,edge-med    EDG≥10 CV≤0.50,4,4,4,0,100.0,43.84,37.41,50.27,1.754,1.0,3,2026-05-06/2p/+0.99u,2026-05-05/1p/+0.38u
hits,OVER,"[-299,-200]",A: 05-03..06,HR65 loose  HR≥65 EDG≥5  CV≤0.70,21,21,15,6,71.43,2.88,-25.7,31.46,0.604,0.5,4,2026-05-04/3p/+1.37u,2026-05-06/7p/-1.21u
hits,OVER,"[-299,-200]",A: 05-03..06,PROD-strict HR≥75 EDG≥10 CV≤0.50,3,3,3,0,100.0,41.79,34.69,48.88,1.254,1.0,3,2026-05-06/1p/+0.49u,2026-05-05/1p/+0.38u
hits,OVER,"[-299,-200]",B: 05-07..10,loose       EDG≥5  CV≤0.70,30,21,10,11,47.62,-33.14,-63.89,-2.4,-6.96,0.0,3,2026-05-10/8p/-0.93u,2026-05-09/6p/-4.65u
hits,OVER,"[-299,-200]",B: 05-07..10,medium      EDG≥5  CV≤0.50,5,4,2,2,50.0,-29.8,-109.24,49.65,-1.192,0.667,3,2026-05-08/1p/+0.41u,2026-05-09/2p/-2.00u
hits,OVER,"[-299,-200]",B: 05-07..10,edge-loose  EDG≥10 CV≤0.70,26,18,9,9,50.0,-30.02,-63.3,3.25,-5.404,0.0,3,2026-05-08/5p/-0.83u,2026-05-09/5p/-3.65u
hits,OVER,"[-299,-200]",B: 05-07..10,edge-med    EDG≥10 CV≤0.50,5,4,2,2,50.0,-29.8,-109.24,49.65,-1.192,0.667,3,2026-05-08/1p/+0.41u,2026-05-09/2p/-2.00u
hits,OVER,"[-299,-200]",B: 05-07..10,HR65 loose  HR≥65 EDG≥5  CV≤0.70,30,21,10,11,47.62,-33.14,-63.89,-2.4,-6.96,0.0,3,2026-05-10/8p/-0.93u,2026-05-09/6p/-4.65u
hits,OVER,"[-299,-200]",B: 05-07..10,PROD-strict HR≥75 EDG≥10 CV≤0.50,5,4,2,2,50.0,-29.8,-109.24,49.65,-1.192,0.667,3,2026-05-08/1p/+0.41u,2026-05-09/2p/-2.00u
hits,OVER,"[-299,-200]",C: 05-11..15,loose       EDG≥5  CV≤0.70,28,28,18,10,64.29,-8.54,-34.32,17.24,-2.392,0.2,5,2026-05-15/5p/+0.69u,2026-05-11/3p/-1.60u
hits,OVER,"[-299,-200]",C: 05-11..15,medium      EDG≥5  CV≤0.50,1,1,1,0,100.0,47.62,47.62,47.62,0.476,1.0,1,2026-05-13/1p/+0.48u,2026-05-13/1p/+0.48u
hits,OVER,"[-299,-200]",C: 05-11..15,edge-loose  EDG≥10 CV≤0.70,26,26,18,8,69.23,-1.51,-27.32,24.31,-0.392,0.2,5,2026-05-15/4p/+1.69u,2026-05-14/5p/-0.80u
hits,OVER,"[-299,-200]",C: 05-11..15,edge-med    EDG≥10 CV≤0.50,1,1,1,0,100.0,47.62,47.62,47.62,0.476,1.0,1,2026-05-13/1p/+0.48u,2026-05-13/1p/+0.48u
hits,OVER,"[-299,-200]",C: 05-11..15,HR65 loose  HR≥65 EDG≥5  CV≤0.70,28,28,18,10,64.29,-8.54,-34.32,17.24,-2.392,0.2,5,2026-05-15/5p/+0.69u,2026-05-11/3p/-1.60u
hits,OVER,"[-299,-200]",C: 05-11..15,PROD-strict HR≥75 EDG≥10 CV≤0.50,1,1,1,0,100.0,47.62,47.62,47.62,0.476,1.0,1,2026-05-13/1p/+0.48u,2026-05-13/1p/+0.48u
hits,OVER,"[-199,-150]",OVERALL,loose       EDG≥5  CV≤0.70,114,103,68,35,66.02,5.11,-9.54,19.77,5.268,0.583,12,2026-05-03/6p/+3.66u,2026-05-10/15p/-2.31u
hits,OVER,"[-199,-150]",OVERALL,medium      EDG≥5  CV≤0.50,9,8,4,4,50.0,-17.46,-78.61,43.7,-1.397,0.429,7,2026-05-06/1p/+0.67u,2026-05-10/1p/-1.00u
hits,OVER,"[-199,-150]",OVERALL,edge-loose  EDG≥10 CV≤0.70,100,91,59,32,64.84,3.46,-12.3,19.22,3.149,0.667,12,2026-05-08/9p/+3.79u,2026-05-15/9p/-2.62u
hits,OVER,"[-199,-150]",OVERALL,edge-med    EDG≥10 CV≤0.50,9,8,4,4,50.0,-17.46,-78.61,43.7,-1.397,0.429,7,2026-05-06/1p/+0.67u,2026-05-10/1p/-1.00u
hits,OVER,"[-199,-150]",OVERALL,HR65 loose  HR≥65 EDG≥5  CV≤0.70,114,103,68,35,66.02,5.11,-9.54,19.77,5.268,0.583,12,2026-05-03/6p/+3.66u,2026-05-10/15p/-2.31u
hits,OVER,"[-199,-150]",OVERALL,PROD-strict HR≥75 EDG≥10 CV≤0.50,4,4,2,2,50.0,-16.67,-110.97,77.63,-0.667,0.5,4,2026-05-06/1p/+0.67u,2026-05-10/1p/-1.00u
hits,OVER,"[-199,-150]",A: 05-03..06,loose       EDG≥5  CV≤0.70,24,23,18,5,78.26,25.78,-1.98,53.53,5.929,0.75,4,2026-05-03/6p/+3.66u,2026-05-04/4p/-0.77u
hits,OVER,"[-199,-150]",A: 05-03..06,medium      EDG≥5  CV≤0.50,1,1,1,0,100.0,66.67,66.67,66.67,0.667,1.0,1,2026-05-06/1p/+0.67u,2026-05-06/1p/+0.67u
hits,OVER,"[-199,-150]",A: 05-03..06,edge-loose  EDG≥10 CV≤0.70,16,16,13,3,81.25,31.34,-0.65,63.33,5.014,1.0,4,2026-05-03/4p/+2.44u,2026-05-04/3p/+0.23u
hits,OVER,"[-199,-150]",A: 05-03..06,edge-med    EDG≥10 CV≤0.50,1,1,1,0,100.0,66.67,66.67,66.67,0.667,1.0,1,2026-05-06/1p/+0.67u,2026-05-06/1p/+0.67u
hits,OVER,"[-199,-150]",A: 05-03..06,HR65 loose  HR≥65 EDG≥5  CV≤0.70,24,23,18,5,78.26,25.78,-1.98,53.53,5.929,0.75,4,2026-05-03/6p/+3.66u,2026-05-04/4p/-0.77u
hits,OVER,"[-199,-150]",A: 05-03..06,PROD-strict HR≥75 EDG≥10 CV≤0.50,1,1,1,0,100.0,66.67,66.67,66.67,0.667,1.0,1,2026-05-06/1p/+0.67u,2026-05-06/1p/+0.67u
hits,OVER,"[-199,-150]",B: 05-07..10,loose       EDG≥5  CV≤0.70,47,39,25,14,64.1,1.81,-22.44,26.06,0.705,0.333,3,2026-05-08/11p/+3.31u,2026-05-10/15p/-2.31u
hits,OVER,"[-199,-150]",B: 05-07..10,medium      EDG≥5  CV≤0.50,3,2,1,1,50.0,-17.74,-178.97,143.48,-0.355,0.5,2,2026-05-09/1p/+0.65u,2026-05-10/1p/-1.00u
hits,OVER,"[-199,-150]",B: 05-07..10,edge-loose  EDG≥10 CV≤0.70,43,36,23,13,63.89,1.81,-23.57,27.2,0.652,0.333,3,2026-05-08/9p/+3.79u,2026-05-10/15p/-2.31u
hits,OVER,"[-199,-150]",B: 05-07..10,edge-med    EDG≥10 CV≤0.50,3,2,1,1,50.0,-17.74,-178.97,143.48,-0.355,0.5,2,2026-05-09/1p/+0.65u,2026-05-10/1p/-1.00u
hits,OVER,"[-199,-150]",B: 05-07..10,HR65 loose  HR≥65 EDG≥5  CV≤0.70,47,39,25,14,64.1,1.81,-22.44,26.06,0.705,0.333,3,2026-05-08/11p/+3.31u,2026-05-10/15p/-2.31u
hits,OVER,"[-199,-150]",B: 05-07..10,PROD-strict HR≥75 EDG≥10 CV≤0.50,1,1,0,1,0.0,-100.0,-100.0,-100.0,-1.0,0.0,1,2026-05-10/1p/-1.00u,2026-05-10/1p/-1.00u
hits,OVER,"[-199,-150]",C: 05-11..15,loose       EDG≥5  CV≤0.70,43,41,25,16,60.98,-3.33,-27.32,20.66,-1.366,0.6,5,2026-05-12/11p/+1.70u,2026-05-15/10p/-2.10u
hits,OVER,"[-199,-150]",C: 05-11..15,medium      EDG≥5  CV≤0.50,5,5,2,3,40.0,-34.17,-113.19,44.86,-1.708,0.25,4,2026-05-15/1p/+0.62u,2026-05-13/1p/-1.00u
hits,OVER,"[-199,-150]",C: 05-11..15,edge-loose  EDG≥10 CV≤0.70,41,39,23,16,58.97,-6.45,-31.29,18.38,-2.517,0.6,5,2026-05-12/10p/+1.08u,2026-05-15/9p/-2.62u
hits,OVER,"[-199,-150]",C: 05-11..15,edge-med    EDG≥10 CV≤0.50,5,5,2,3,40.0,-34.17,-113.19,44.86,-1.708,0.25,4,2026-05-15/1p/+0.62u,2026-05-13/1p/-1.00u
hits,OVER,"[-199,-150]",C: 05-11..15,HR65 loose  HR≥65 EDG≥5  CV≤0.70,43,41,25,16,60.98,-3.33,-27.32,20.66,-1.366,0.6,5,2026-05-12/11p/+1.70u,2026-05-15/10p/-2.10u
hits,OVER,"[-199,-150]",C: 05-11..15,PROD-strict HR≥75 EDG≥10 CV≤0.50,2,2,1,1,50.0,-16.67,-180.0,146.67,-0.333,0.5,2,2026-05-12/1p/+0.67u,2026-05-14/1p/-1.00u
hits,OVER,"[-149,-110]",OVERALL,loose       EDG≥5  CV≤0.70,28,22,15,7,68.18,21.41,-14.17,56.99,4.71,0.7,10,2026-05-11/3p/+2.30u,2026-05-03/2p/-2.00u
hits,OVER,"[-149,-110]",OVERALL,medium      EDG≥5  CV≤0.50,7,7,4,3,57.14,2.62,-68.63,73.87,0.183,0.571,7,2026-05-11/1p/+0.87u,2026-05-08/1p/-1.00u
hits,OVER,"[-149,-110]",OVERALL,edge-loose  EDG≥10 CV≤0.70,27,21,14,7,66.67,19.14,-17.88,56.17,4.02,0.667,9,2026-05-11/3p/+2.30u,2026-05-03/2p/-2.00u
hits,OVER,"[-149,-110]",OVERALL,edge-med    EDG≥10 CV≤0.50,7,7,4,3,57.14,2.62,-68.63,73.87,0.183,0.571,7,2026-05-11/1p/+0.87u,2026-05-08/1p/-1.00u
hits,OVER,"[-149,-110]",OVERALL,HR65 loose  HR≥65 EDG≥5  CV≤0.70,22,18,11,7,61.11,9.77,-31.97,51.51,1.759,0.556,9,2026-05-11/3p/+2.30u,2026-05-03/2p/-2.00u
hits,OVER,"[-149,-110]",OVERALL,PROD-strict HR≥75 EDG≥10 CV≤0.50,5,5,3,2,60.0,6.28,-78.93,91.48,0.314,0.6,5,2026-05-11/1p/+0.87u,2026-05-08/1p/-1.00u
hits,OVER,"[-149,-110]",A: 05-03..06,loose       EDG≥5  CV≤0.70,7,5,3,2,60.0,2.62,-79.52,84.77,0.131,0.667,3,2026-05-05/2p/+1.44u,2026-05-03/2p/-2.00u
hits,OVER,"[-149,-110]",A: 05-03..06,edge-loose  EDG≥10 CV≤0.70,6,4,2,2,50.0,-13.96,-111.36,83.43,-0.558,0.5,2,2026-05-05/2p/+1.44u,2026-05-03/2p/-2.00u
hits,OVER,"[-149,-110]",A: 05-03..06,HR65 loose  HR≥65 EDG≥5  CV≤0.70,4,3,1,2,33.33,-43.68,-154.07,66.71,-1.31,0.5,2,2026-05-05/1p/+0.69u,2026-05-03/2p/-2.00u
hits,OVER,"[-149,-110]",B: 05-07..10,loose       EDG≥5  CV≤0.70,9,8,4,4,50.0,-10.28,-76.84,56.28,-0.823,0.333,3,2026-05-09/3p/+2.27u,2026-05-10/2p/-2.00u
hits,OVER,"[-149,-110]",B: 05-07..10,medium      EDG≥5  CV≤0.50,3,3,1,2,33.33,-42.34,-155.36,70.69,-1.27,0.333,3,2026-05-09/1p/+0.73u,2026-05-08/1p/-1.00u
hits,OVER,"[-149,-110]",B: 05-07..10,edge-loose  EDG≥10 CV≤0.70,9,8,4,4,50.0,-10.28,-76.84,56.28,-0.823,0.333,3,2026-05-09/3p/+2.27u,2026-05-10/2p/-2.00u
hits,OVER,"[-149,-110]",B: 05-07..10,edge-med    EDG≥10 CV≤0.50,3,3,1,2,33.33,-42.34,-155.36,70.69,-1.27,0.333,3,2026-05-09/1p/+0.73u,2026-05-08/1p/-1.00u
hits,OVER,"[-149,-110]",B: 05-07..10,HR65 loose  HR≥65 EDG≥5  CV≤0.70,8,7,3,4,42.86,-22.74,-94.24,48.76,-1.592,0.333,3,2026-05-09/2p/+1.50u,2026-05-10/2p/-2.00u
hits,OVER,"[-149,-110]",B: 05-07..10,PROD-strict HR≥75 EDG≥10 CV≤0.50,2,2,1,1,50.0,-13.5,-183.04,156.03,-0.27,0.5,2,2026-05-09/1p/+0.73u,2026-05-08/1p/-1.00u
hits,OVER,"[-149,-110]",C: 05-11..15,loose       EDG≥5  CV≤0.70,12,9,8,1,88.89,60.02,20.46,99.57,5.401,1.0,4,2026-05-11/3p/+2.30u,2026-05-13/3p/+0.65u
hits,OVER,"[-149,-110]",C: 05-11..15,medium      EDG≥5  CV≤0.50,4,4,3,1,75.0,36.34,-53.03,125.7,1.453,0.75,4,2026-05-11/1p/+0.87u,2026-05-13/1p/-1.00u
hits,OVER,"[-149,-110]",C: 05-11..15,edge-loose  EDG≥10 CV≤0.70,12,9,8,1,88.89,60.02,20.46,99.57,5.401,1.0,4,2026-05-11/3p/+2.30u,2026-05-13/3p/+0.65u
hits,OVER,"[-149,-110]",C: 05-11..15,edge-med    EDG≥10 CV≤0.50,4,4,3,1,75.0,36.34,-53.03,125.7,1.453,0.75,4,2026-05-11/1p/+0.87u,2026-05-13/1p/-1.00u
hits,OVER,"[-149,-110]",C: 05-11..15,HR65 loose  HR≥65 EDG≥5  CV≤0.70,10,8,7,1,87.5,58.26,13.58,102.94,4.661,0.75,4,2026-05-11/3p/+2.30u,2026-05-13/2p/-0.09u
hits,OVER,"[-149,-110]",C: 05-11..15,PROD-strict HR≥75 EDG≥10 CV≤0.50,3,3,2,1,66.67,19.46,-97.94,136.86,0.584,0.667,3,2026-05-11/1p/+0.87u,2026-05-13/1p/-1.00u
batter_strikeouts,OVER,"[-299,-200]",OVERALL,loose       EDG≥5  CV≤0.70,91,76,56,20,73.68,4.23,-9.89,18.35,3.215,0.538,13,2026-05-09/10p/+2.86u,2026-05-08/6p/-4.60u
batter_strikeouts,OVER,"[-299,-200]",OVERALL,medium      EDG≥5  CV≤0.50,5,5,5,0,100.0,41.0,35.92,46.08,2.05,1.0,4,2026-05-09/2p/+0.86u,2026-05-14/1p/+0.36u
batter_strikeouts,OVER,"[-299,-200]",OVERALL,edge-loose  EDG≥10 CV≤0.70,76,62,45,17,72.58,2.33,-13.48,18.14,1.445,0.692,13,2026-05-09/9p/+2.40u,2026-05-08/5p/-3.60u
batter_strikeouts,OVER,"[-299,-200]",OVERALL,edge-med    EDG≥10 CV≤0.50,5,5,5,0,100.0,41.0,35.92,46.08,2.05,1.0,4,2026-05-09/2p/+0.86u,2026-05-14/1p/+0.36u
batter_strikeouts,OVER,"[-299,-200]",OVERALL,HR65 loose  HR≥65 EDG≥5  CV≤0.70,79,68,49,19,72.06,1.75,-13.44,16.95,1.193,0.538,13,2026-05-06/5p/+2.14u,2026-05-08/5p/-5.00u
batter_strikeouts,OVER,"[-299,-200]",OVERALL,PROD-strict HR≥75 EDG≥10 CV≤0.50,5,5,5,0,100.0,41.0,35.92,46.08,2.05,1.0,4,2026-05-09/2p/+0.86u,2026-05-14/1p/+0.36u
batter_strikeouts,OVER,"[-299,-200]",A: 05-03..06,loose       EDG≥5  CV≤0.70,18,17,14,3,82.35,16.67,-9.88,43.22,2.834,0.5,4,2026-05-06/6p/+2.53u,2026-05-03/6p/-0.36u
batter_strikeouts,OVER,"[-299,-200]",A: 05-03..06,edge-loose  EDG≥10 CV≤0.70,10,9,8,1,88.89,24.19,-6.35,54.73,2.177,1.0,4,2026-05-06/3p/+1.21u,2026-05-03/4p/+0.16u
batter_strikeouts,OVER,"[-299,-200]",A: 05-03..06,HR65 loose  HR≥65 EDG≥5  CV≤0.70,16,15,12,3,80.0,13.02,-16.66,42.71,1.954,0.5,4,2026-05-06/5p/+2.14u,2026-05-03/5p/-0.84u
batter_strikeouts,OVER,"[-299,-200]",B: 05-07..10,loose       EDG≥5  CV≤0.70,38,28,20,8,71.43,1.44,-22.8,25.68,0.403,0.75,4,2026-05-09/10p/+2.86u,2026-05-08/6p/-4.60u
batter_strikeouts,OVER,"[-299,-200]",B: 05-07..10,medium      EDG≥5  CV≤0.50,3,3,3,0,100.0,42.02,33.73,50.32,1.261,1.0,2,2026-05-09/2p/+0.86u,2026-05-10/1p/+0.40u
batter_strikeouts,OVER,"[-299,-200]",B: 05-07..10,edge-loose  EDG≥10 CV≤0.70,35,26,19,7,73.08,3.65,-21.06,28.35,0.948,0.75,4,2026-05-09/9p/+2.40u,2026-05-08/5p/-3.60u
batter_strikeouts,OVER,"[-299,-200]",B: 05-07..10,edge-med    EDG≥10 CV≤0.50,3,3,3,0,100.0,42.02,33.73,50.32,1.261,1.0,2,2026-05-09/2p/+0.86u,2026-05-10/1p/+0.40u
batter_strikeouts,OVER,"[-299,-200]",B: 05-07..10,HR65 loose  HR≥65 EDG≥5  CV≤0.70,32,24,16,8,66.67,-5.58,-32.91,21.75,-1.339,0.75,4,2026-05-09/8p/+1.97u,2026-05-08/5p/-5.00u
batter_strikeouts,OVER,"[-299,-200]",B: 05-07..10,PROD-strict HR≥75 EDG≥10 CV≤0.50,3,3,3,0,100.0,42.02,33.73,50.32,1.261,1.0,2,2026-05-09/2p/+0.86u,2026-05-10/1p/+0.40u
batter_strikeouts,OVER,"[-299,-200]",C: 05-11..15,loose       EDG≥5  CV≤0.70,35,31,22,9,70.97,-0.07,-22.97,22.83,-0.022,0.4,5,2026-05-13/6p/+1.18u,2026-05-15/5p/-0.90u
batter_strikeouts,OVER,"[-299,-200]",C: 05-11..15,medium      EDG≥5  CV≤0.50,2,2,2,0,100.0,39.46,33.39,45.52,0.789,1.0,2,2026-05-12/1p/+0.43u,2026-05-14/1p/+0.36u
batter_strikeouts,OVER,"[-299,-200]",C: 05-11..15,edge-loose  EDG≥10 CV≤0.70,31,27,18,9,66.67,-6.22,-31.75,19.3,-1.681,0.4,5,2026-05-11/2p/+0.76u,2026-05-14/7p/-1.49u
batter_strikeouts,OVER,"[-299,-200]",C: 05-11..15,edge-med    EDG≥10 CV≤0.50,2,2,2,0,100.0,39.46,33.39,45.52,0.789,1.0,2,2026-05-12/1p/+0.43u,2026-05-14/1p/+0.36u
batter_strikeouts,OVER,"[-299,-200]",C: 05-11..15,HR65 loose  HR≥65 EDG≥5  CV≤0.70,31,29,21,8,72.41,1.99,-21.36,25.35,0.578,0.4,5,2026-05-13/4p/+1.78u,2026-05-15/5p/-0.90u
batter_strikeouts,OVER,"[-299,-200]",C: 05-11..15,PROD-strict HR≥75 EDG≥10 CV≤0.50,2,2,2,0,100.0,39.46,33.39,45.52,0.789,1.0,2,2026-05-12/1p/+0.43u,2026-05-14/1p/+0.36u
batter_strikeouts,OVER,"[-199,-150]",OVERALL,loose       EDG≥5  CV≤0.70,61,53,28,25,52.83,-16.9,-38.27,4.47,-8.957,0.333,12,2026-05-05/3p/+1.81u,2026-05-10/8p/-3.31u
batter_strikeouts,OVER,"[-199,-150]",OVERALL,medium      EDG≥5  CV≤0.50,6,6,3,3,50.0,-19.36,-90.07,51.35,-1.162,0.5,6,2026-05-13/1p/+0.65u,2026-05-03/1p/-1.00u
batter_strikeouts,OVER,"[-199,-150]",OVERALL,edge-loose  EDG≥10 CV≤0.70,49,43,24,19,55.81,-11.93,-35.66,11.81,-5.128,0.455,11,2026-05-05/3p/+1.81u,2026-05-13/6p/-2.85u
batter_strikeouts,OVER,"[-199,-150]",OVERALL,edge-med    EDG≥10 CV≤0.50,6,6,3,3,50.0,-19.36,-90.07,51.35,-1.162,0.5,6,2026-05-13/1p/+0.65u,2026-05-03/1p/-1.00u
batter_strikeouts,OVER,"[-199,-150]",OVERALL,HR65 loose  HR≥65 EDG≥5  CV≤0.70,44,36,20,16,55.56,-12.62,-38.55,13.3,-4.544,0.455,11,2026-05-05/3p/+1.81u,2026-05-13/5p/-3.49u
batter_strikeouts,OVER,"[-199,-150]",A: 05-03..06,loose       EDG≥5  CV≤0.70,15,14,9,5,64.29,0.86,-40.07,41.8,0.121,0.667,3,2026-05-05/3p/+1.81u,2026-05-03/5p/-1.94u
batter_strikeouts,OVER,"[-199,-150]",A: 05-03..06,medium      EDG≥5  CV≤0.50,1,1,0,1,0.0,-100.0,-100.0,-100.0,-1.0,0.0,1,2026-05-03/1p/-1.00u,2026-05-03/1p/-1.00u
batter_strikeouts,OVER,"[-199,-150]",A: 05-03..06,edge-loose  EDG≥10 CV≤0.70,10,10,8,2,80.0,25.77,-15.44,66.99,2.577,1.0,3,2026-05-05/3p/+1.81u,2026-05-03/3p/+0.06u
batter_strikeouts,OVER,"[-199,-150]",A: 05-03..06,edge-med    EDG≥10 CV≤0.50,1,1,0,1,0.0,-100.0,-100.0,-100.0,-1.0,0.0,1,2026-05-03/1p/-1.00u,2026-05-03/1p/-1.00u
batter_strikeouts,OVER,"[-199,-150]",A: 05-03..06,HR65 loose  HR≥65 EDG≥5  CV≤0.70,14,13,9,4,69.23,8.62,-32.43,49.67,1.121,0.667,3,2026-05-05/3p/+1.81u,2026-05-03/4p/-0.94u
batter_strikeouts,OVER,"[-199,-150]",B: 05-07..10,loose       EDG≥5  CV≤0.70,26,22,11,11,50.0,-20.98,-54.81,12.85,-4.616,0.25,4,2026-05-08/3p/+0.28u,2026-05-10/8p/-3.31u
batter_strikeouts,OVER,"[-199,-150]",B: 05-07..10,medium      EDG≥5  CV≤0.50,2,2,1,1,50.0,-21.59,-175.27,132.09,-0.432,0.5,2,2026-05-09/1p/+0.57u,2026-05-10/1p/-1.00u
batter_strikeouts,OVER,"[-199,-150]",B: 05-07..10,edge-loose  EDG≥10 CV≤0.70,24,20,11,9,55.0,-13.08,-48.47,22.32,-2.616,0.5,4,2026-05-09/9p/+0.41u,2026-05-10/7p/-2.31u
batter_strikeouts,OVER,"[-199,-150]",B: 05-07..10,edge-med    EDG≥10 CV≤0.50,2,2,1,1,50.0,-21.59,-175.27,132.09,-0.432,0.5,2,2026-05-09/1p/+0.57u,2026-05-10/1p/-1.00u
batter_strikeouts,OVER,"[-199,-150]",B: 05-07..10,HR65 loose  HR≥65 EDG≥5  CV≤0.70,19,15,9,6,60.0,-4.75,-45.55,36.04,-0.713,0.5,4,2026-05-08/2p/+1.28u,2026-05-10/5p/-1.84u
batter_strikeouts,OVER,"[-199,-150]",C: 05-11..15,loose       EDG≥5  CV≤0.70,20,17,8,9,47.06,-26.25,-64.61,12.11,-4.462,0.2,5,2026-05-12/2p/+1.09u,2026-05-13/7p/-2.31u
batter_strikeouts,OVER,"[-199,-150]",C: 05-11..15,medium      EDG≥5  CV≤0.50,3,3,2,1,66.67,9.01,-97.83,115.84,0.27,0.667,3,2026-05-13/1p/+0.65u,2026-05-15/1p/-1.00u
batter_strikeouts,OVER,"[-199,-150]",C: 05-11..15,edge-loose  EDG≥10 CV≤0.70,15,13,5,8,38.46,-39.15,-82.74,4.44,-5.09,0.0,4,2026-05-15/2p/-0.39u,2026-05-13/6p/-2.85u
batter_strikeouts,OVER,"[-199,-150]",C: 05-11..15,edge-med    EDG≥10 CV≤0.50,3,3,2,1,66.67,9.01,-97.83,115.84,0.27,0.667,3,2026-05-13/1p/+0.65u,2026-05-15/1p/-1.00u
batter_strikeouts,OVER,"[-199,-150]",C: 05-11..15,HR65 loose  HR≥65 EDG≥5  CV≤0.70,11,8,2,6,25.0,-61.9,-110.79,-13.0,-4.952,0.25,4,2026-05-12/1p/+0.54u,2026-05-13/5p/-3.49u
batter_strikeouts,OVER,"[-149,-110]",OVERALL,loose       EDG≥5  CV≤0.70,29,26,11,15,42.31,-25.34,-59.56,8.88,-6.589,0.4,10,2026-05-10/3p/+2.16u,2026-05-08/4p/-4.00u
batter_strikeouts,OVER,"[-149,-110]",OVERALL,medium      EDG≥5  CV≤0.50,3,3,0,3,0.0,-100.0,-100.0,-100.0,-3.0,0.0,3,2026-05-08/1p/-1.00u,2026-05-08/1p/-1.00u
batter_strikeouts,OVER,"[-149,-110]",OVERALL,edge-loose  EDG≥10 CV≤0.70,25,23,9,14,39.13,-30.63,-66.84,5.58,-7.044,0.3,10,2026-05-10/3p/+2.16u,2026-05-08/4p/-4.00u
batter_strikeouts,OVER,"[-149,-110]",OVERALL,edge-med    EDG≥10 CV≤0.50,3,3,0,3,0.0,-100.0,-100.0,-100.0,-3.0,0.0,3,2026-05-08/1p/-1.00u,2026-05-08/1p/-1.00u
batter_strikeouts,OVER,"[-149,-110]",OVERALL,HR65 loose  HR≥65 EDG≥5  CV≤0.70,15,13,8,5,61.54,8.53,-40.13,57.19,1.109,0.444,9,2026-05-12/2p/+1.78u,2026-05-04/1p/-1.00u
batter_strikeouts,OVER,"[-149,-110]",A: 05-03..06,loose       EDG≥5  CV≤0.70,4,3,1,2,33.33,-41.98,-155.7,71.75,-1.259,0.0,2,2026-05-03/2p/-0.26u,2026-05-04/1p/-1.00u
batter_strikeouts,OVER,"[-149,-110]",A: 05-03..06,edge-loose  EDG≥10 CV≤0.70,4,3,1,2,33.33,-41.98,-155.7,71.75,-1.259,0.0,2,2026-05-03/2p/-0.26u,2026-05-04/1p/-1.00u
batter_strikeouts,OVER,"[-149,-110]",A: 05-03..06,HR65 loose  HR≥65 EDG≥5  CV≤0.70,3,2,1,1,50.0,-12.96,-183.56,157.63,-0.259,0.5,2,2026-05-03/1p/+0.74u,2026-05-04/1p/-1.00u
batter_strikeouts,OVER,"[-149,-110]",B: 05-07..10,loose       EDG≥5  CV≤0.70,13,11,5,6,45.45,-21.45,-74.79,31.88,-2.36,0.5,4,2026-05-10/3p/+2.16u,2026-05-08/4p/-4.00u
batter_strikeouts,OVER,"[-149,-110]",B: 05-07..10,medium      EDG≥5  CV≤0.50,1,1,0,1,0.0,-100.0,-100.0,-100.0,-1.0,0.0,1,2026-05-08/1p/-1.00u,2026-05-08/1p/-1.00u
batter_strikeouts,OVER,"[-149,-110]",B: 05-07..10,edge-loose  EDG≥10 CV≤0.70,10,9,4,5,44.44,-23.34,-82.74,36.06,-2.1,0.5,4,2026-05-10/3p/+2.16u,2026-05-08/4p/-4.00u
batter_strikeouts,OVER,"[-149,-110]",B: 05-07..10,edge-med    EDG≥10 CV≤0.50,1,1,0,1,0.0,-100.0,-100.0,-100.0,-1.0,0.0,1,2026-05-08/1p/-1.00u,2026-05-08/1p/-1.00u
batter_strikeouts,OVER,"[-149,-110]",B: 05-07..10,HR65 loose  HR≥65 EDG≥5  CV≤0.70,5,4,3,1,75.0,29.63,-55.07,114.33,1.185,0.667,3,2026-05-10/2p/+1.44u,2026-05-08/1p/-1.00u
batter_strikeouts,OVER,"[-149,-110]",C: 05-11..15,loose       EDG≥5  CV≤0.70,12,12,5,7,41.67,-24.75,-77.47,27.97,-2.97,0.5,4,2026-05-12/3p/+0.78u,2026-05-14/4p/-4.00u
batter_strikeouts,OVER,"[-149,-110]",C: 05-11..15,medium      EDG≥5  CV≤0.50,2,2,0,2,0.0,-100.0,-100.0,-100.0,-2.0,0.0,2,2026-05-12/1p/-1.00u,2026-05-12/1p/-1.00u
batter_strikeouts,OVER,"[-149,-110]",C: 05-11..15,edge-loose  EDG≥10 CV≤0.70,11,11,4,7,36.36,-33.49,-88.11,21.13,-3.684,0.25,4,2026-05-12/3p/+0.78u,2026-05-14/4p/-4.00u
batter_strikeouts,OVER,"[-149,-110]",C: 05-11..15,edge-med    EDG≥10 CV≤0.50,2,2,0,2,0.0,-100.0,-100.0,-100.0,-2.0,0.0,2,2026-05-12/1p/-1.00u,2026-05-12/1p/-1.00u
batter_strikeouts,OVER,"[-149,-110]",C: 05-11..15,HR65 loose  HR≥65 EDG≥5  CV≤0.70,7,7,4,3,57.14,2.61,-68.73,73.94,0.183,0.25,4,2026-05-12/2p/+1.78u,2026-05-14/1p/-1.00u
total_bases,OVER,"[-299,-200]",OVERALL,loose       EDG≥5  CV≤0.70,46,41,24,17,58.54,-16.53,-38.35,5.29,-6.776,0.364,11,2026-05-13/2p/+0.81u,2026-05-09/5p/-3.65u
total_bases,OVER,"[-299,-200]",OVERALL,medium      EDG≥5  CV≤0.50,2,2,2,0,100.0,50.0,50.0,50.0,1.0,1.0,1,2026-05-06/2p/+1.00u,2026-05-06/2p/+1.00u
total_bases,OVER,"[-299,-200]",OVERALL,edge-loose  EDG≥10 CV≤0.70,37,33,22,11,66.67,-4.93,-28.28,18.43,-1.627,0.545,11,2026-05-06/6p/+1.35u,2026-05-09/5p/-3.65u
total_bases,OVER,"[-299,-200]",OVERALL,edge-med    EDG≥10 CV≤0.50,2,2,2,0,100.0,50.0,50.0,50.0,1.0,1.0,1,2026-05-06/2p/+1.00u,2026-05-06/2p/+1.00u
total_bases,OVER,"[-299,-200]",OVERALL,HR65 loose  HR≥65 EDG≥5  CV≤0.70,42,38,23,15,60.53,-13.88,-36.34,8.58,-5.276,0.455,11,2026-05-13/2p/+0.81u,2026-05-09/5p/-3.65u
total_bases,OVER,"[-299,-200]",OVERALL,PROD-strict HR≥75 EDG≥10 CV≤0.50,2,2,2,0,100.0,50.0,50.0,50.0,1.0,1.0,1,2026-05-06/2p/+1.00u,2026-05-06/2p/+1.00u
total_bases,OVER,"[-299,-200]",A: 05-03..06,loose       EDG≥5  CV≤0.70,13,13,9,4,69.23,-1.12,-38.55,36.31,-0.146,0.75,4,2026-05-05/2p/+0.70u,2026-05-03/3p/-1.62u
total_bases,OVER,"[-299,-200]",A: 05-03..06,medium      EDG≥5  CV≤0.50,2,2,2,0,100.0,50.0,50.0,50.0,1.0,1.0,1,2026-05-06/2p/+1.00u,2026-05-06/2p/+1.00u
total_bases,OVER,"[-299,-200]",A: 05-03..06,edge-loose  EDG≥10 CV≤0.70,10,10,8,2,80.0,15.03,-22.74,52.8,1.503,0.75,4,2026-05-06/6p/+1.35u,2026-05-03/2p/-0.62u
total_bases,OVER,"[-299,-200]",A: 05-03..06,edge-med    EDG≥10 CV≤0.50,2,2,2,0,100.0,50.0,50.0,50.0,1.0,1.0,1,2026-05-06/2p/+1.00u,2026-05-06/2p/+1.00u
total_bases,OVER,"[-299,-200]",A: 05-03..06,HR65 loose  HR≥65 EDG≥5  CV≤0.70,13,13,9,4,69.23,-1.12,-38.55,36.31,-0.146,0.75,4,2026-05-05/2p/+0.70u,2026-05-03/3p/-1.62u
total_bases,OVER,"[-299,-200]",A: 05-03..06,PROD-strict HR≥75 EDG≥10 CV≤0.50,2,2,2,0,100.0,50.0,50.0,50.0,1.0,1.0,1,2026-05-06/2p/+1.00u,2026-05-06/2p/+1.00u
total_bases,OVER,"[-299,-200]",B: 05-07..10,loose       EDG≥5  CV≤0.70,21,16,8,8,50.0,-28.91,-64.94,7.13,-4.625,0.0,3,2026-05-08/3p/-0.21u,2026-05-09/5p/-3.65u
total_bases,OVER,"[-299,-200]",B: 05-07..10,edge-loose  EDG≥10 CV≤0.70,20,16,8,8,50.0,-28.91,-64.94,7.13,-4.625,0.0,3,2026-05-08/3p/-0.21u,2026-05-09/5p/-3.65u
total_bases,OVER,"[-299,-200]",B: 05-07..10,HR65 loose  HR≥65 EDG≥5  CV≤0.70,20,16,8,8,50.0,-28.91,-64.94,7.13,-4.625,0.0,3,2026-05-08/3p/-0.21u,2026-05-09/5p/-3.65u
total_bases,OVER,"[-299,-200]",C: 05-11..15,loose       EDG≥5  CV≤0.70,12,12,7,5,58.33,-16.7,-58.4,24.99,-2.005,0.25,4,2026-05-13/2p/+0.81u,2026-05-14/4p/-1.19u
total_bases,OVER,"[-299,-200]",C: 05-11..15,edge-loose  EDG≥10 CV≤0.70,7,7,6,1,85.71,21.36,-18.51,61.23,1.495,0.75,4,2026-05-13/2p/+0.81u,2026-05-12/2p/-0.50u
total_bases,OVER,"[-299,-200]",C: 05-11..15,HR65 loose  HR≥65 EDG≥5  CV≤0.70,9,9,6,3,66.67,-5.61,-51.97,40.76,-0.505,0.5,4,2026-05-13/2p/+0.81u,2026-05-12/3p/-1.50u
total_bases,OVER,"[-199,-150]",OVERALL,loose       EDG≥5  CV≤0.70,33,28,15,13,53.57,-15.58,-45.25,14.09,-4.362,0.417,12,2026-05-12/4p/+2.37u,2026-05-10/4p/-4.00u
total_bases,OVER,"[-199,-150]",OVERALL,edge-loose  EDG≥10 CV≤0.70,28,23,13,10,56.52,-11.11,-43.71,21.49,-2.555,0.5,12,2026-05-12/2p/+1.18u,2026-05-03/2p/-2.00u
total_bases,OVER,"[-199,-150]",OVERALL,HR65 loose  HR≥65 EDG≥5  CV≤0.70,31,26,15,11,57.69,-9.09,-39.63,21.46,-2.362,0.5,12,2026-05-12/4p/+2.37u,2026-05-10/3p/-3.00u
total_bases,OVER,"[-199,-150]",A: 05-03..06,loose       EDG≥5  CV≤0.70,8,7,3,4,42.86,-33.19,-94.95,28.57,-2.323,0.5,4,2026-05-05/1p/+0.54u,2026-05-03/2p/-2.00u
total_bases,OVER,"[-199,-150]",A: 05-03..06,edge-loose  EDG≥10 CV≤0.70,8,7,3,4,42.86,-33.19,-94.95,28.57,-2.323,0.5,4,2026-05-05/1p/+0.54u,2026-05-03/2p/-2.00u
total_bases,OVER,"[-199,-150]",A: 05-03..06,HR65 loose  HR≥65 EDG≥5  CV≤0.70,8,7,3,4,42.86,-33.19,-94.95,28.57,-2.323,0.5,4,2026-05-05/1p/+0.54u,2026-05-03/2p/-2.00u
total_bases,OVER,"[-199,-150]",B: 05-07..10,loose       EDG≥5  CV≤0.70,13,10,4,6,40.0,-37.58,-87.54,12.37,-3.758,0.333,3,2026-05-09/2p/+1.11u,2026-05-10/4p/-4.00u
total_bases,OVER,"[-199,-150]",B: 05-07..10,edge-loose  EDG≥10 CV≤0.70,10,7,4,3,57.14,-10.84,-72.64,50.97,-0.758,0.667,3,2026-05-09/2p/+1.11u,2026-05-10/2p/-2.00u
total_bases,OVER,"[-199,-150]",B: 05-07..10,HR65 loose  HR≥65 EDG≥5  CV≤0.70,11,8,4,4,50.0,-21.98,-79.79,35.83,-1.758,0.667,3,2026-05-09/2p/+1.11u,2026-05-10/3p/-3.00u
total_bases,OVER,"[-199,-150]",C: 05-11..15,loose       EDG≥5  CV≤0.70,12,11,8,3,72.73,15.63,-28.33,59.6,1.72,0.4,5,2026-05-12/4p/+2.37u,2026-05-11/1p/-1.00u
total_bases,OVER,"[-199,-150]",C: 05-11..15,edge-loose  EDG≥10 CV≤0.70,10,9,6,3,66.67,5.85,-46.06,57.76,0.527,0.4,5,2026-05-12/2p/+1.18u,2026-05-11/1p/-1.00u
total_bases,OVER,"[-199,-150]",C: 05-11..15,HR65 loose  HR≥65 EDG≥5  CV≤0.70,12,11,8,3,72.73,15.63,-28.33,59.6,1.72,0.4,5,2026-05-12/4p/+2.37u,2026-05-11/1p/-1.00u
total_bases,OVER,"[-149,-110]",OVERALL,loose       EDG≥5  CV≤0.70,10,8,6,2,75.0,31.14,-25.01,87.29,2.491,0.714,7,2026-05-03/1p/+0.80u,2026-05-14/1p/-1.00u
total_bases,OVER,"[-149,-110]",OVERALL,edge-loose  EDG≥10 CV≤0.70,8,6,4,2,66.67,15.84,-56.02,87.69,0.95,0.6,5,2026-05-09/1p/+0.77u,2026-05-14/1p/-1.00u
total_bases,OVER,"[-149,-110]",OVERALL,HR65 loose  HR≥65 EDG≥5  CV≤0.70,6,5,4,1,80.0,39.05,-29.2,107.31,1.953,0.8,5,2026-05-03/1p/+0.80u,2026-05-14/1p/-1.00u
total_bases,OVER,"[-149,-110]",A: 05-03..06,loose       EDG≥5  CV≤0.70,1,1,1,0,100.0,80.0,80.0,80.0,0.8,1.0,1,2026-05-03/1p/+0.80u,2026-05-03/1p/+0.80u
total_bases,OVER,"[-149,-110]",A: 05-03..06,HR65 loose  HR≥65 EDG≥5  CV≤0.70,1,1,1,0,100.0,80.0,80.0,80.0,0.8,1.0,1,2026-05-03/1p/+0.80u,2026-05-03/1p/+0.80u
total_bases,OVER,"[-149,-110]",B: 05-07..10,loose       EDG≥5  CV≤0.70,1,1,1,0,100.0,76.92,76.92,76.92,0.769,1.0,1,2026-05-09/1p/+0.77u,2026-05-09/1p/+0.77u
total_bases,OVER,"[-149,-110]",B: 05-07..10,edge-loose  EDG≥10 CV≤0.70,1,1,1,0,100.0,76.92,76.92,76.92,0.769,1.0,1,2026-05-09/1p/+0.77u,2026-05-09/1p/+0.77u
total_bases,OVER,"[-149,-110]",C: 05-11..15,loose       EDG≥5  CV≤0.70,8,6,4,2,66.67,15.36,-56.19,86.91,0.922,0.6,5,2026-05-13/1p/+0.77u,2026-05-14/1p/-1.00u
total_bases,OVER,"[-149,-110]",C: 05-11..15,edge-loose  EDG≥10 CV≤0.70,7,5,3,2,60.0,3.62,-79.35,86.6,0.181,0.5,4,2026-05-13/1p/+0.77u,2026-05-14/1p/-1.00u
total_bases,OVER,"[-149,-110]",C: 05-11..15,HR65 loose  HR≥65 EDG≥5  CV≤0.70,5,4,3,1,75.0,28.82,-55.41,113.04,1.153,0.75,4,2026-05-11/1p/+0.74u,2026-05-14/1p/-1.00u
