combo_label,n_total,n_graded,n_ungraded,wins,losses,pushes,hit_rate_pct,hit_rate_ci95_low,hit_rate_ci95_high,roi_pct,roi_ci95_low,roi_ci95_high,profit_units,stake_units,avg_odds,avg_tp,avg_cv,avg_hr_l20,devig_n_graded,devig_hr,devig_roi,onesided_std_n_graded,onesided_std_hr,onesided_std_roi,onesided_alt_n_graded,onesided_alt_hr,onesided_alt_roi,balanced_score
PROD_BASELINE_TYPICAL,129,33,96,31,2,0,93.94,80.39,98.32,5.26,-6.37,13.29,1.7353,33.0,-1044.326,92.177,0.401,88.748,0,,,33,93.94,5.26,0,,,
HR20=90 CV<==0.4,125,42,83,36,6,0,85.71,72.16,93.28,-7.97,-20.53,2.79,-3.3493,42.0,-2019.216,88.009,0.318,95.79,0,,,42,85.71,-7.97,0,,,
HR20=90 CV<==0.5,195,68,127,62,6,0,91.18,82.06,95.89,-2.86,-10.25,3.71,-1.9471,68.0,-2206.908,87.941,0.364,95.114,0,,,68,91.18,-2.86,0,,,
HR20=90 CV<==0.6,236,80,156,74,6,0,92.5,84.59,96.52,-1.21,-7.27,4.56,-0.9657,80.0,-2120.153,87.264,0.397,95.138,0,,,80,92.5,-1.21,0,,,0.7475
HR20=90 CV<==0.7,264,86,178,80,6,0,93.02,85.6,96.76,0.13,-5.89,5.47,0.1108,86.0,-1993.542,86.616,0.423,94.84,0,,,86,93.02,0.13,0,,,0.7691
HR20=90 CV<==0.8,274,87,187,81,6,0,93.1,85.76,96.8,0.37,-5.67,5.59,0.3209,87.0,-1936.219,86.4,0.435,94.666,0,,,87,93.1,0.37,0,,,0.7729
HR20=90 CV<==0.9,275,88,187,82,6,0,93.18,85.91,96.84,0.59,-5.83,6.3,0.5209,88.0,-1930.996,86.33,0.436,94.649,0,,,88,93.18,0.59,0,,,0.7764
HR20=90 CV<==1.0,275,88,187,82,6,0,93.18,85.91,96.84,0.59,-5.83,6.3,0.5209,88.0,-1930.996,86.33,0.436,94.649,0,,,88,93.18,0.59,0,,,0.7764
HR20=90 CV<==1.1,276,88,188,82,6,0,93.18,85.91,96.84,0.59,-5.83,6.3,0.5209,88.0,-1926.13,86.313,0.438,94.632,0,,,88,93.18,0.59,0,,,0.7764
HR20=85 CV<==0.4,145,50,95,43,7,0,86.0,73.81,93.05,-6.61,-17.7,3.14,-3.3032,50.0,-1870.662,87.134,0.321,94.53,0,,,50,86.0,-6.61,0,,,
HR20=85 CV<==0.5,235,84,151,77,7,0,91.67,83.78,95.9,-0.98,-8.02,4.92,-0.826,84.0,-2047.911,87.232,0.369,93.737,0,,,84,91.67,-0.98,0,,,0.7553
HR20=85 CV<==0.6,284,98,186,90,8,0,91.84,84.71,95.81,-0.56,-7.04,5.17,-0.5443,98.0,-1967.113,86.629,0.4,93.745,0,,,98,91.84,-0.56,0,,,0.7786
HR20=85 CV<==0.7,332,109,223,101,8,0,92.66,86.18,96.23,1.05,-4.98,6.32,1.1429,109.0,-1811.069,86.001,0.435,93.178,0,,,109,92.66,1.05,0,,,0.8098
HR20=85 CV<==0.8,369,113,256,103,10,0,91.15,84.47,95.12,-0.32,-6.65,5.14,-0.3613,113.0,-1671.36,85.342,0.467,92.498,0,,,113,91.15,-0.32,0,,,0.8016
HR20=85 CV<==0.9,372,114,258,104,10,0,91.23,84.6,95.17,-0.14,-6.3,5.2,-0.1613,114.0,-1661.427,85.205,0.47,92.451,0,,,114,91.23,-0.14,0,,,0.8048
HR20=85 CV<==1.0,375,114,261,104,10,0,91.23,84.6,95.17,-0.14,-6.3,5.2,-0.1613,114.0,-1650.997,85.179,0.474,92.391,0,,,114,91.23,-0.14,0,,,0.8048
HR20=85 CV<==1.1,377,114,263,104,10,0,91.23,84.6,95.17,-0.14,-6.3,5.2,-0.1613,114.0,-1646.745,85.125,0.477,92.376,0,,,114,91.23,-0.14,0,,,0.8048
HR20=80 CV<==0.4,181,61,120,53,8,0,86.89,76.2,93.2,-4.97,-15.15,3.64,-3.0302,61.0,-1746.652,85.486,0.328,92.072,1,100.0,27.62,60,86.67,-5.51,0,,,
HR20=80 CV<==0.5,328,111,217,100,11,0,90.09,83.12,94.38,-1.79,-8.22,3.96,-1.9837,111.0,-1783.134,85.485,0.382,90.287,1,100.0,27.62,110,90.0,-2.05,0,,,0.7842
HR20=80 CV<==0.6,393,131,262,119,12,0,90.84,84.67,94.68,-0.86,-6.54,3.95,-1.1207,131.0,-1727.336,85.083,0.409,90.353,1,100.0,27.62,130,90.77,-1.07,0,,,0.8209
HR20=80 CV<==0.7,488,150,338,136,14,0,90.67,84.94,94.36,-0.37,-5.5,5.01,-0.558,150.0,-1547.109,84.628,0.455,89.325,1,100.0,27.62,149,90.6,-0.56,0,,,0.8463
HR20=80 CV<==0.8,543,158,385,141,17,0,89.24,83.44,93.17,-1.44,-7.2,3.96,-2.2792,158.0,-1438.405,84.127,0.486,88.841,1,100.0,27.62,157,89.17,-1.63,0,,,0.8261
HR20=80 CV<==0.9,554,159,395,142,17,0,89.31,83.54,93.22,-1.31,-6.88,3.92,-2.0792,159.0,-1418.09,83.869,0.493,88.711,1,100.0,27.62,158,89.24,-1.49,0,,,0.8283
HR20=80 CV<==1.0,586,162,424,144,18,0,88.89,83.12,92.86,-1.53,-7.0,3.91,-2.4816,162.0,-1362.254,83.719,0.519,88.275,1,100.0,27.62,161,88.82,-1.71,0,,,0.8208
HR20=80 CV<==1.1,591,164,427,144,20,0,87.8,81.91,91.97,-2.73,-8.08,2.78,-4.4816,164.0,-1356.494,83.652,0.523,88.237,1,100.0,27.62,163,87.73,-2.92,0,,,0.7952
HR20=75 CV<==0.4,195,67,128,59,8,0,88.06,78.17,93.82,-2.91,-11.49,5.1,-1.9505,67.0,-1682.185,84.946,0.329,90.89,1,100.0,27.62,66,87.88,-3.37,0,,,
HR20=75 CV<==0.5,364,125,239,113,12,0,90.4,83.97,94.42,-0.42,-6.67,4.93,-0.5277,125.0,-1707.544,84.807,0.384,88.857,1,100.0,27.62,124,90.32,-0.65,0,,,0.817
HR20=75 CV<==0.6,444,147,297,133,14,0,90.48,84.65,94.24,-0.42,-6.09,4.33,-0.6193,147.0,-1674.577,84.335,0.413,88.703,1,100.0,27.62,146,90.41,-0.61,0,,,0.8458
HR20=75 CV<==0.7,565,170,395,153,17,0,90.0,84.57,93.66,-0.25,-5.48,4.73,-0.4261,170.0,-1476.179,84.028,0.464,87.484,1,100.0,27.62,169,89.94,-0.42,0,,,0.8475
HR20=75 CV<==0.8,642,184,458,163,21,0,88.59,83.18,92.41,-1.27,-7.16,3.79,-2.3288,184.0,-1358.949,83.572,0.499,86.818,1,100.0,27.62,183,88.52,-1.42,0,,,0.8197
HR20=75 CV<==0.9,668,189,479,166,23,0,87.83,82.4,91.75,-1.91,-7.39,3.28,-3.6168,189.0,-1323.448,83.17,0.513,86.478,1,100.0,27.62,188,87.77,-2.07,0,,,0.8038
HR20=75 CV<==1.0,712,192,520,168,24,0,87.5,82.07,91.45,-2.09,-7.91,3.09,-4.0192,192.0,-1265.758,83.001,0.539,86.025,1,100.0,27.62,191,87.43,-2.25,0,,,0.7978
HR20=75 CV<==1.1,718,195,523,169,26,0,86.67,81.18,90.74,-2.96,-8.27,2.3,-5.7794,195.0,-1260.507,82.965,0.544,85.994,1,100.0,27.62,194,86.6,-3.12,0,,,0.7788
HR20=70 CV<==0.4,211,72,139,64,8,0,88.89,79.58,94.26,-1.33,-10.34,6.5,-0.9568,72.0,-1596.313,84.229,0.331,89.437,1,100.0,27.62,71,88.73,-1.74,0,,,
HR20=70 CV<==0.5,396,136,260,122,14,0,89.71,83.46,93.77,-0.55,-7.15,4.77,-0.7482,136.0,-1618.162,83.876,0.386,87.482,1,100.0,27.62,135,89.63,-0.76,0,,,0.8272
HR20=70 CV<==0.6,491,161,330,145,16,0,90.06,84.47,93.79,-0.15,-5.53,4.89,-0.236,161.0,-1574.974,83.339,0.417,87.075,1,100.0,27.62,160,90.0,-0.32,0,,,0.8485
HR20=70 CV<==0.7,629,192,437,171,21,0,89.06,83.86,92.73,-0.63,-5.75,4.11,-1.2056,192.0,-1392.981,83.147,0.468,85.851,1,100.0,27.62,191,89.01,-0.78,0,,,0.8319
HR20=70 CV<==0.8,727,209,518,183,26,0,87.56,82.4,91.37,-1.79,-7.0,3.06,-3.7451,209.0,-1282.486,82.682,0.507,84.995,1,100.0,27.62,208,87.5,-1.93,0,,,0.8016
HR20=70 CV<==0.9,768,216,552,188,28,0,87.04,81.9,90.88,-2.19,-7.24,2.78,-4.7225,216.0,-1237.984,82.249,0.526,84.474,1,100.0,27.62,215,86.98,-2.32,0,,,0.7911
HR20=70 CV<==1.0,831,222,609,192,30,0,86.49,81.36,90.37,-2.48,-7.86,2.78,-5.5077,222.0,-1173.325,82.052,0.558,83.872,1,100.0,27.62,221,86.43,-2.62,0,,,0.7813
HR20=70 CV<==1.1,858,230,628,196,34,0,85.22,80.05,89.22,-3.73,-9.1,1.72,-8.588,230.0,-1150.301,81.858,0.573,83.522,1,100.0,27.62,229,85.15,-3.87,0,,,0.753
HR20=65 CV<==0.4,226,80,146,70,10,0,87.5,78.5,93.07,-1.87,-10.51,6.02,-1.4965,80.0,-1521.496,83.559,0.332,87.959,2,100.0,26.31,78,87.18,-2.59,0,,,0.7096
HR20=65 CV<==0.5,422,148,274,132,16,0,89.19,83.16,93.24,-0.4,-6.78,5.46,-0.5979,148.0,-1551.917,83.38,0.386,86.224,2,100.0,26.31,146,89.04,-0.77,0,,,0.8359
HR20=65 CV<==0.6,532,180,352,160,20,0,88.89,83.46,92.69,-0.85,-6.45,4.01,-1.5254,180.0,-1521.88,82.648,0.419,85.545,2,100.0,26.31,178,88.76,-1.15,0,,,0.8276
HR20=65 CV<==0.7,684,213,471,188,25,0,88.26,83.25,91.92,-1.0,-5.84,3.61,-2.12,213.0,-1345.731,82.616,0.47,84.323,2,100.0,26.31,211,88.15,-1.25,0,,,0.8183
HR20=65 CV<==0.8,790,233,557,203,30,0,87.12,82.21,90.83,-1.67,-6.86,3.34,-3.8821,233.0,-1240.095,82.117,0.509,83.535,3,100.0,26.45,230,86.96,-2.03,0,,,0.7973
HR20=65 CV<==0.9,863,241,622,209,32,0,86.72,81.86,90.44,-2.0,-7.2,3.2,-4.8195,241.0,-1175.327,81.763,0.538,82.468,3,100.0,26.45,238,86.55,-2.36,0,,,0.789
HR20=65 CV<==1.0,940,250,690,213,37,0,85.2,80.27,89.07,-3.44,-8.38,1.58,-8.6047,250.0,-1110.733,81.576,0.572,81.818,3,100.0,26.45,247,85.02,-3.8,0,,,0.7556
HR20=65 CV<==1.1,972,258,714,217,41,0,84.11,79.15,88.06,-4.53,-10.17,0.31,-11.685,258.0,-1088.222,81.359,0.587,81.479,3,100.0,26.45,255,83.92,-4.89,0,,,0.7311
HR20=60 CV<==0.4,235,81,154,71,10,0,87.65,78.74,93.15,-1.49,-9.94,6.53,-1.2108,81.0,-1482.404,83.047,0.333,87.009,2,100.0,26.31,79,87.34,-2.2,0,,,0.7167
HR20=60 CV<==0.5,440,153,287,134,19,0,87.58,81.42,91.9,-1.99,-8.63,3.74,-3.0455,153.0,-1508.695,82.878,0.387,85.276,3,100.0,26.43,150,87.33,-2.56,0,,,0.7998
HR20=60 CV<==0.6,559,187,372,164,23,0,87.7,82.22,91.66,-1.96,-7.36,3.2,-3.6689,187.0,-1475.12,82.175,0.42,84.452,3,100.0,26.43,184,87.5,-2.42,0,,,0.8016
HR20=60 CV<==0.7,720,224,496,194,30,0,86.61,81.52,90.46,-2.59,-7.76,2.55,-5.8001,224.0,-1306.846,82.02,0.472,83.241,3,100.0,26.43,221,86.43,-2.98,0,,,0.7817
HR20=60 CV<==0.8,835,245,590,210,35,0,85.71,80.78,89.55,-3.01,-8.16,1.85,-7.3623,245.0,-1207.798,81.6,0.511,82.389,4,100.0,26.51,241,85.48,-3.49,0,,,0.7663
HR20=60 CV<==0.9,920,253,667,216,37,0,85.38,80.49,89.2,-3.28,-8.3,1.36,-8.2997,253.0,-1144.59,81.265,0.542,81.199,4,100.0,26.51,249,85.14,-3.76,0,,,0.7594
HR20=60 CV<==1.0,1006,264,742,222,42,0,84.09,79.19,88.01,-4.41,-9.72,0.89,-11.6324,264.0,-1081.672,80.99,0.577,80.507,4,100.0,26.51,260,83.85,-4.88,0,,,0.732
HR20=60 CV<==1.1,1047,275,772,229,46,0,83.27,78.41,87.22,-5.08,-10.31,-0.11,-13.9631,275.0,-1057.878,80.711,0.595,80.06,4,100.0,26.51,271,83.03,-5.54,0,,,0.7151
HR20=55 CV<==0.4,237,81,156,71,10,0,87.65,78.74,93.15,-1.49,-9.94,6.53,-1.2108,81.0,-1472.705,82.933,0.333,86.762,2,100.0,26.31,79,87.34,-2.2,0,,,0.7167
HR20=55 CV<==0.5,448,154,294,135,19,0,87.66,81.53,91.96,-1.77,-7.9,4.29,-2.725,154.0,-1491.08,82.592,0.387,84.792,3,100.0,26.43,151,87.42,-2.33,0,,,0.8031
HR20=55 CV<==0.6,571,188,383,165,23,0,87.77,82.31,91.71,-1.78,-7.42,3.78,-3.3484,188.0,-1453.907,81.887,0.421,83.897,3,100.0,26.43,185,87.57,-2.24,0,,,0.8043
HR20=55 CV<==0.7,738,226,512,196,30,0,86.73,81.68,90.54,-2.31,-7.84,2.88,-5.2199,226.0,-1285.832,81.788,0.473,82.608,3,100.0,26.43,223,86.55,-2.7,0,,,0.786
HR20=55 CV<==0.8,861,250,611,213,37,0,85.2,80.27,89.07,-3.43,-8.08,1.54,-8.5821,250.0,-1185.223,81.324,0.514,81.619,4,100.0,26.51,246,84.96,-3.92,0,,,0.7557
HR20=55 CV<==0.9,953,262,691,223,39,0,85.11,80.3,88.92,-3.42,-8.44,1.22,-8.9639,262.0,-1122.902,80.975,0.546,80.35,4,100.0,26.51,258,84.88,-3.89,0,,,0.7547
HR20=55 CV<==1.0,1044,273,771,229,44,0,83.88,79.06,87.77,-4.5,-9.65,0.75,-12.2966,273.0,-1060.595,80.784,0.581,79.632,4,100.0,26.51,269,83.64,-4.97,0,,,0.7285
HR20=55 CV<==1.1,1088,285,803,236,49,0,82.81,78.0,86.74,-5.48,-10.45,-0.13,-15.6273,285.0,-1037.007,80.481,0.6,79.17,4,100.0,26.51,281,82.56,-5.94,0,,,0.7053
HR20=50 CV<==0.4,242,81,161,71,10,0,87.65,78.74,93.15,-1.49,-9.94,6.53,-1.2108,81.0,-1449.281,82.676,0.334,86.018,2,100.0,26.31,79,87.34,-2.2,0,,,0.7167
HR20=50 CV<==0.5,468,158,310,139,19,0,87.97,81.98,92.16,-0.93,-6.69,4.33,-1.4704,158.0,-1443.748,82.115,0.389,83.398,4,100.0,26.97,154,87.66,-1.66,0,,,0.8153
HR20=50 CV<==0.6,601,195,406,171,24,0,87.69,82.34,91.59,-1.36,-6.73,4.05,-2.6438,195.0,-1401.637,81.281,0.424,82.305,4,100.0,26.97,191,87.43,-1.95,0,,,0.8075
HR20=50 CV<==0.7,778,239,539,206,33,0,86.19,81.24,90.0,-2.22,-7.3,2.62,-5.3073,239.0,-1240.526,81.069,0.475,81.021,5,100.0,26.91,234,85.9,-2.84,0,,,0.7802
HR20=50 CV<==0.8,906,263,643,223,40,0,84.79,79.95,88.63,-3.3,-8.45,1.44,-8.6695,263.0,-1146.294,80.623,0.515,80.13,6,100.0,26.88,257,84.44,-4.0,0,,,0.7519
HR20=50 CV<==0.9,999,275,724,233,42,0,84.73,80.0,88.5,-3.29,-8.26,1.12,-9.0513,275.0,-1089.731,80.35,0.546,79.026,6,100.0,26.88,269,84.39,-3.96,0,,,0.7512
HR20=50 CV<==1.0,1102,288,814,241,47,0,83.68,78.97,87.5,-4.1,-9.12,0.81,-11.8147,288.0,-1025.8,80.015,0.584,78.151,6,100.0,26.88,282,83.33,-4.76,0,,,0.73
HR20=50 CV<==1.1,1148,300,848,248,52,0,82.67,77.98,86.53,-5.05,-9.89,0.29,-15.1453,300.0,-1003.717,79.699,0.602,77.722,6,100.0,26.88,294,82.31,-5.7,0,,,0.7079
HR20=90 TP=75,237,75,162,71,4,0,94.67,87.07,97.91,1.17,-5.05,5.93,0.8749,75.0,-2107.316,89.459,0.431,95.067,0,,,75,94.67,1.17,0,,,0.7644
HR20=90 TP=70,255,82,173,78,4,0,95.12,88.12,98.09,2.27,-3.69,7.03,1.8584,82.0,-2011.863,88.241,0.435,94.874,0,,,82,95.12,2.27,0,,,0.785
HR20=90 TP=65,266,85,181,81,4,0,95.29,88.52,98.16,2.57,-2.63,6.84,2.1876,85.0,-1972.511,87.352,0.437,94.751,0,,,85,95.29,2.57,0,,,0.7921
HR20=90 TP=60,273,88,185,82,6,0,93.18,85.91,96.84,0.59,-5.83,6.3,0.5209,88.0,-1941.432,86.717,0.438,94.669,0,,,88,93.18,0.59,0,,,0.7764
HR20=90 TP=55,274,88,186,82,6,0,93.18,85.91,96.84,0.59,-5.83,6.3,0.5209,88.0,-1935.898,86.618,0.438,94.658,0,,,88,93.18,0.59,0,,,0.7764
HR20=90 TP=50,274,88,186,82,6,0,93.18,85.91,96.84,0.59,-5.83,6.3,0.5209,88.0,-1935.898,86.618,0.438,94.658,0,,,88,93.18,0.59,0,,,0.7764
HR20=85 TP=75,312,92,220,86,6,0,93.48,86.49,96.98,0.92,-4.86,5.91,0.8476,92.0,-1843.196,88.966,0.463,92.937,0,,,92,93.48,0.92,0,,,0.7852
HR20=85 TP=70,339,104,235,97,7,0,93.27,86.75,96.7,1.8,-4.12,6.91,1.8668,104.0,-1748.245,87.637,0.468,92.717,0,,,104,93.27,1.8,0,,,0.8105
HR20=85 TP=65,356,110,246,102,8,0,92.73,86.3,96.27,1.23,-4.44,6.45,1.3515,110.0,-1711.43,86.657,0.473,92.59,0,,,110,92.73,1.23,0,,,0.813
HR20=85 TP=60,370,113,257,103,10,0,91.15,84.47,95.12,-0.28,-6.49,5.22,-0.3151,113.0,-1668.424,85.737,0.476,92.434,0,,,113,91.15,-0.28,0,,,0.802
HR20=85 TP=55,371,113,258,103,10,0,91.15,84.47,95.12,-0.28,-6.49,5.22,-0.3151,113.0,-1665.073,85.667,0.477,92.432,0,,,113,91.15,-0.28,0,,,0.802
HR20=85 TP=50,373,114,259,104,10,0,91.23,84.6,95.17,-0.14,-6.3,5.2,-0.1613,114.0,-1659.161,85.555,0.476,92.409,0,,,114,91.23,-0.14,0,,,0.8048
HR20=80 TP=75,455,121,334,111,10,0,91.74,85.45,95.45,0.52,-5.25,5.36,0.6284,121.0,-1542.211,88.614,0.503,89.2,0,,,121,91.74,0.52,0,,,0.821
HR20=80 TP=70,507,139,368,127,12,0,91.37,85.52,94.99,0.97,-4.93,6.23,1.3436,139.0,-1462.489,86.943,0.507,88.848,0,,,139,91.37,0.97,0,,,0.8501
HR20=80 TP=65,547,151,396,137,14,0,90.73,85.04,94.4,0.19,-5.37,5.5,0.2899,151.0,-1418.761,85.531,0.519,88.539,0,,,151,90.73,0.19,0,,,0.8519
HR20=80 TP=60,572,158,414,140,18,0,88.61,82.71,92.67,-2.06,-7.63,3.42,-3.2498,158.0,-1385.76,84.536,0.523,88.382,0,,,158,88.61,-2.06,0,,,0.812
HR20=80 TP=55,580,162,418,142,20,0,87.65,81.7,91.86,-3.03,-8.87,2.66,-4.9117,162.0,-1373.569,84.195,0.524,88.301,0,,,162,87.65,-3.03,0,,,0.7903
HR20=80 TP=50,583,164,419,144,20,0,87.8,81.91,91.97,-2.73,-8.08,2.78,-4.4816,164.0,-1369.051,84.111,0.523,88.286,1,100.0,27.62,163,87.73,-2.92,0,,,0.7952
HR20=75 TP=75,544,140,404,128,12,0,91.43,85.62,95.03,1.07,-4.2,6.19,1.5047,140.0,-1427.915,88.296,0.529,86.946,0,,,140,91.43,1.07,0,,,0.8525
HR20=75 TP=70,618,161,457,145,16,0,90.06,84.47,93.79,0.31,-4.85,5.53,0.5056,161.0,-1349.809,86.376,0.537,86.453,0,,,161,90.06,0.31,0,,,0.8531
HR20=75 TP=65,675,178,497,159,19,0,89.33,83.93,93.06,-0.39,-5.71,4.41,-0.6965,178.0,-1302.696,84.796,0.552,86.07,0,,,178,89.33,-0.39,0,,,0.8377
HR20=75 TP=60,706,187,519,164,23,0,87.7,82.22,91.66,-2.03,-7.65,3.14,-3.7976,187.0,-1273.052,83.824,0.555,85.94,0,,,187,87.7,-2.03,0,,,0.801
HR20=75 TP=55,716,192,524,166,26,0,86.46,80.9,90.59,-3.36,-8.81,1.76,-6.4595,192.0,-1262.092,83.482,0.556,85.871,0,,,192,86.46,-3.36,0,,,0.7721
HR20=75 TP=50,722,195,527,169,26,0,86.67,81.18,90.74,-2.96,-8.27,2.3,-5.7794,195.0,-1255.162,83.292,0.555,85.827,1,100.0,27.62,194,86.6,-3.12,0,,,0.7788
HR20=70 TP=75,627,160,467,147,13,0,91.88,86.6,95.19,2.41,-2.03,6.87,3.8524,160.0,-1319.463,88.003,0.563,84.808,0,,,160,91.88,2.41,0,,,0.8741
HR20=70 TP=70,721,185,536,166,19,0,89.73,84.52,93.33,0.63,-4.77,5.39,1.1684,185.0,-1241.816,85.963,0.57,84.221,0,,,185,89.73,0.63,0,,,0.8529
HR20=70 TP=65,802,210,592,187,23,0,89.05,84.1,92.59,0.42,-5.03,5.14,0.8719,210.0,-1188.274,84.112,0.587,83.659,0,,,210,89.05,0.42,0,,,0.8423
HR20=70 TP=60,849,222,627,193,29,0,86.94,81.87,90.75,-1.85,-7.33,3.19,-4.1042,222.0,-1154.399,82.929,0.591,83.394,0,,,222,86.94,-1.85,0,,,0.7933
HR20=70 TP=55,869,232,637,198,34,0,85.34,80.22,89.32,-3.46,-9.76,1.8,-8.0196,232.0,-1139.333,82.361,0.594,83.215,0,,,232,85.34,-3.46,0,,,0.7571
HR20=70 TP=50,875,235,640,201,34,0,85.53,80.46,89.46,-3.12,-8.52,1.83,-7.3396,235.0,-1134.456,82.212,0.593,83.197,1,100.0,27.62,234,85.47,-3.25,0,,,0.7629
HR20=65 TP=75,706,173,533,158,15,0,91.33,86.19,94.68,2.36,-3.0,6.95,4.0818,173.0,-1236.449,87.807,0.585,82.677,1,100.0,25.0,172,91.28,2.23,0,,,0.8736
HR20=65 TP=70,815,204,611,182,22,0,89.22,84.21,92.77,0.68,-4.0,5.34,1.3944,204.0,-1163.207,85.747,0.594,82.093,1,100.0,25.0,203,89.16,0.56,0,,,0.847
HR20=65 TP=65,909,231,678,205,26,0,88.74,84.02,92.2,0.65,-3.94,5.17,1.4902,231.0,-1115.681,83.888,0.608,81.568,2,100.0,25.87,229,88.65,0.42,0,,,0.8407
HR20=65 TP=60,972,249,723,214,35,0,85.94,81.08,89.72,-2.35,-7.46,2.78,-5.8541,249.0,-1084.118,82.52,0.613,81.184,3,100.0,27.05,246,85.77,-2.71,0,,,0.7757
HR20=65 TP=55,996,262,734,221,41,0,84.35,79.46,88.25,-4.02,-9.21,0.86,-10.5195,262.0,-1070.348,81.933,0.616,81.011,3,100.0,27.05,259,84.17,-4.37,0,,,0.7392
HR20=65 TP=50,1006,266,740,224,42,0,84.21,79.35,88.1,-4.07,-9.26,0.89,-10.8394,266.0,-1063.648,81.688,0.616,80.947,4,100.0,27.19,262,83.97,-4.55,0,,,0.7369
HR20=60 TP=75,755,180,575,165,15,0,91.67,86.71,94.89,3.03,-2.18,7.3,5.458,180.0,-1195.413,87.541,0.603,81.268,1,100.0,25.0,179,91.62,2.91,0,,,0.8803
HR20=60 TP=70,880,214,666,191,23,0,89.25,84.39,92.73,1.01,-3.75,5.79,2.1563,214.0,-1121.149,85.384,0.616,80.533,1,100.0,25.0,213,89.2,0.89,0,,,0.8507
HR20=60 TP=65,984,244,740,215,29,0,88.11,83.45,91.6,0.24,-4.74,4.53,0.5822,244.0,-1076.966,83.513,0.629,80.004,2,100.0,25.87,242,88.02,0.03,0,,,0.8288
HR20=60 TP=60,1056,262,794,224,38,0,85.5,80.72,89.25,-2.58,-7.54,1.97,-6.7622,262.0,-1045.813,82.113,0.636,79.58,3,100.0,27.05,259,85.33,-2.92,0,,,0.7679
HR20=60 TP=55,1087,278,809,232,46,0,83.45,78.63,87.36,-4.73,-10.13,0.33,-13.1609,278.0,-1031.695,81.446,0.638,79.346,4,100.0,26.95,274,83.21,-5.2,0,,,0.7208
HR20=60 TP=50,1101,284,817,237,47,0,83.45,78.69,87.32,-4.58,-9.82,0.7,-13.0175,284.0,-1024.648,81.124,0.639,79.242,5,100.0,27.09,279,83.15,-5.15,0,,,0.7223
HR20=55 TP=75,778,186,592,170,16,0,91.4,86.48,94.64,2.8,-2.37,7.43,5.2135,186.0,-1175.65,87.451,0.609,80.518,1,100.0,25.0,185,91.35,2.68,0,,,0.878
HR20=55 TP=70,907,221,686,196,25,0,88.69,83.83,92.22,0.41,-4.45,4.94,0.9118,221.0,-1102.628,85.302,0.622,79.797,1,100.0,25.0,220,88.64,0.3,0,,,0.8377
HR20=55 TP=65,1019,252,767,221,31,0,87.7,83.07,91.2,-0.16,-4.72,4.55,-0.4025,252.0,-1056.442,83.367,0.635,79.179,2,100.0,25.87,250,87.6,-0.37,0,,,0.8196
HR20=55 TP=60,1096,270,826,230,40,0,85.19,80.46,88.93,-2.87,-7.75,1.93,-7.7469,270.0,-1024.728,81.937,0.641,78.726,3,100.0,27.05,267,85.02,-3.21,0,,,0.7612
HR20=55 TP=55,1133,288,845,239,49,0,82.99,78.22,86.88,-5.15,-10.3,-0.03,-14.8251,288.0,-1009.207,81.177,0.645,78.408,4,100.0,26.95,284,82.75,-5.6,0,,,0.7109
HR20=55 TP=50,1150,294,856,244,50,0,82.99,78.28,86.86,-4.99,-10.1,-0.14,-14.6816,294.0,-1001.383,80.795,0.646,78.264,5,100.0,27.09,289,82.7,-5.55,0,,,0.7125
HR20=50 TP=75,800,194,606,176,18,0,90.72,85.81,94.05,2.53,-2.29,7.16,4.9045,194.0,-1153.648,87.308,0.614,79.707,2,100.0,26.79,192,90.62,2.28,0,,,0.8753
HR20=50 TP=70,941,233,708,204,29,0,87.55,82.7,91.19,-0.34,-5.41,4.2,-0.7891,233.0,-1077.594,85.07,0.626,78.776,2,100.0,26.79,231,87.45,-0.57,0,,,0.816
HR20=50 TP=65,1060,265,795,229,36,0,86.42,81.77,90.02,-1.17,-5.96,3.69,-3.1035,265.0,-1031.574,83.122,0.64,78.1,3,100.0,26.77,262,86.26,-1.49,0,,,0.7935
HR20=50 TP=60,1150,287,863,242,45,0,84.32,79.66,88.07,-3.2,-8.07,1.95,-9.1859,287.0,-995.203,81.538,0.65,77.441,4,100.0,27.43,283,84.1,-3.63,0,,,0.747
HR20=50 TP=55,1196,309,887,255,54,0,82.52,77.9,86.35,-4.89,-10.12,-0.01,-15.1235,309.0,-976.829,80.653,0.656,76.984,5,100.0,27.28,304,82.24,-5.42,0,,,0.7076
HR20=50 TP=50,1220,315,905,260,55,0,82.54,77.96,86.33,-4.76,-9.63,0.11,-14.9801,315.0,-966.477,80.145,0.66,76.714,6,100.0,27.34,309,82.2,-5.38,0,,,0.7091
TP=75 EDG=10,186,12,174,12,0,0,100.0,75.75,100.0,26.61,24.26,28.82,3.1938,12.0,-381.769,95.142,0.767,72.826,0,,,12,100.0,26.61,0,,,
TP=70 EDG=10,186,12,174,12,0,0,100.0,75.75,100.0,26.61,24.26,28.82,3.1938,12.0,-381.769,95.142,0.767,72.826,0,,,12,100.0,26.61,0,,,
TP=65 EDG=10,186,12,174,12,0,0,100.0,75.75,100.0,26.61,24.26,28.82,3.1938,12.0,-381.769,95.142,0.767,72.826,0,,,12,100.0,26.61,0,,,
TP=60 EDG=10,186,12,174,12,0,0,100.0,75.75,100.0,26.61,24.26,28.82,3.1938,12.0,-381.769,95.142,0.767,72.826,0,,,12,100.0,26.61,0,,,
TP=55 EDG=10,186,12,174,12,0,0,100.0,75.75,100.0,26.61,24.26,28.82,3.1938,12.0,-381.769,95.142,0.767,72.826,0,,,12,100.0,26.61,0,,,
TP=50 EDG=10,186,12,174,12,0,0,100.0,75.75,100.0,26.61,24.26,28.82,3.1938,12.0,-381.769,95.142,0.767,72.826,0,,,12,100.0,26.61,0,,,
TP=75 EDG=5,272,30,242,27,3,0,90.0,74.38,96.54,12.87,-2.54,25.43,3.8612,30.0,-407.757,92.831,0.737,74.168,1,100.0,28.57,29,89.66,12.33,0,,,
TP=70 EDG=5,272,30,242,27,3,0,90.0,74.38,96.54,12.87,-2.54,25.43,3.8612,30.0,-407.757,92.831,0.737,74.168,1,100.0,28.57,29,89.66,12.33,0,,,
TP=65 EDG=5,272,30,242,27,3,0,90.0,74.38,96.54,12.87,-2.54,25.43,3.8612,30.0,-407.757,92.831,0.737,74.168,1,100.0,28.57,29,89.66,12.33,0,,,
TP=60 EDG=5,272,30,242,27,3,0,90.0,74.38,96.54,12.87,-2.54,25.43,3.8612,30.0,-407.757,92.831,0.737,74.168,1,100.0,28.57,29,89.66,12.33,0,,,
TP=55 EDG=5,272,30,242,27,3,0,90.0,74.38,96.54,12.87,-2.54,25.43,3.8612,30.0,-407.757,92.831,0.737,74.168,1,100.0,28.57,29,89.66,12.33,0,,,
TP=50 EDG=5,272,30,242,27,3,0,90.0,74.38,96.54,12.87,-2.54,25.43,3.8612,30.0,-407.757,92.831,0.737,74.168,1,100.0,28.57,29,89.66,12.33,0,,,
TP=75 EDG=2.5,346,51,295,43,8,0,84.31,71.99,91.83,4.22,-9.51,15.8,2.15,51.0,-440.708,91.291,0.721,74.677,1,100.0,28.57,50,84.0,3.73,0,,,
TP=70 EDG=2.5,346,51,295,43,8,0,84.31,71.99,91.83,4.22,-9.51,15.8,2.15,51.0,-440.708,91.291,0.721,74.677,1,100.0,28.57,50,84.0,3.73,0,,,
TP=65 EDG=2.5,346,51,295,43,8,0,84.31,71.99,91.83,4.22,-9.51,15.8,2.15,51.0,-440.708,91.291,0.721,74.677,1,100.0,28.57,50,84.0,3.73,0,,,
TP=60 EDG=2.5,346,51,295,43,8,0,84.31,71.99,91.83,4.22,-9.51,15.8,2.15,51.0,-440.708,91.291,0.721,74.677,1,100.0,28.57,50,84.0,3.73,0,,,
TP=55 EDG=2.5,346,51,295,43,8,0,84.31,71.99,91.83,4.22,-9.51,15.8,2.15,51.0,-440.708,91.291,0.721,74.677,1,100.0,28.57,50,84.0,3.73,0,,,
TP=50 EDG=2.5,346,51,295,43,8,0,84.31,71.99,91.83,4.22,-9.51,15.8,2.15,51.0,-440.708,91.291,0.721,74.677,1,100.0,28.57,50,84.0,3.73,0,,,
TP=75 EDG=0,437,74,363,65,9,0,87.84,78.47,93.47,5.0,-5.33,13.73,3.6966,74.0,-591.892,90.45,0.698,75.71,1,100.0,28.57,73,87.67,4.67,0,,,
TP=70 EDG=0,437,74,363,65,9,0,87.84,78.47,93.47,5.0,-5.33,13.73,3.6966,74.0,-591.892,90.45,0.698,75.71,1,100.0,28.57,73,87.67,4.67,0,,,
TP=65 EDG=0,437,74,363,65,9,0,87.84,78.47,93.47,5.0,-5.33,13.73,3.6966,74.0,-591.892,90.45,0.698,75.71,1,100.0,28.57,73,87.67,4.67,0,,,
TP=60 EDG=0,437,74,363,65,9,0,87.84,78.47,93.47,5.0,-5.33,13.73,3.6966,74.0,-591.892,90.45,0.698,75.71,1,100.0,28.57,73,87.67,4.67,0,,,
TP=55 EDG=0,437,74,363,65,9,0,87.84,78.47,93.47,5.0,-5.33,13.73,3.6966,74.0,-591.892,90.45,0.698,75.71,1,100.0,28.57,73,87.67,4.67,0,,,
TP=50 EDG=0,437,74,363,65,9,0,87.84,78.47,93.47,5.0,-5.33,13.73,3.6966,74.0,-591.892,90.45,0.698,75.71,1,100.0,28.57,73,87.67,4.67,0,,,
TP=75 EDG=-2.5,541,100,441,90,10,0,90.0,82.56,94.48,5.87,-2.27,12.38,5.8721,100.0,-780.124,89.736,0.667,77.194,2,100.0,26.79,98,89.8,5.45,0,,,0.8457
TP=70 EDG=-2.5,552,101,451,91,10,0,90.1,82.73,94.53,6.14,-1.58,12.46,6.2054,101.0,-770.708,89.427,0.669,76.986,2,100.0,26.79,99,89.9,5.73,0,,,0.8498
TP=65 EDG=-2.5,552,101,451,91,10,0,90.1,82.73,94.53,6.14,-1.58,12.46,6.2054,101.0,-770.708,89.427,0.669,76.986,2,100.0,26.79,99,89.9,5.73,0,,,0.8498
TP=60 EDG=-2.5,552,101,451,91,10,0,90.1,82.73,94.53,6.14,-1.58,12.46,6.2054,101.0,-770.708,89.427,0.669,76.986,2,100.0,26.79,99,89.9,5.73,0,,,0.8498
TP=55 EDG=-2.5,552,101,451,91,10,0,90.1,82.73,94.53,6.14,-1.58,12.46,6.2054,101.0,-770.708,89.427,0.669,76.986,2,100.0,26.79,99,89.9,5.73,0,,,0.8498
TP=50 EDG=-2.5,552,101,451,91,10,0,90.1,82.73,94.53,6.14,-1.58,12.46,6.2054,101.0,-770.708,89.427,0.669,76.986,2,100.0,26.79,99,89.9,5.73,0,,,0.8498
TP=75 EDG=-5,615,122,493,110,12,0,90.16,83.59,94.28,5.09,-1.53,11.09,6.2133,122.0,-840.275,89.104,0.652,77.646,2,100.0,26.79,120,90.0,4.73,0,,,0.868
TP=70 EDG=-5,653,133,520,119,14,0,89.47,83.11,93.63,5.2,-0.92,11.31,6.9225,133.0,-810.319,88.191,0.661,77.108,2,100.0,26.79,131,89.31,4.88,0,,,0.8776
TP=65 EDG=-5,653,133,520,119,14,0,89.47,83.11,93.63,5.2,-0.92,11.31,6.9225,133.0,-810.319,88.191,0.661,77.108,2,100.0,26.79,131,89.31,4.88,0,,,0.8776
TP=60 EDG=-5,653,133,520,119,14,0,89.47,83.11,93.63,5.2,-0.92,11.31,6.9225,133.0,-810.319,88.191,0.661,77.108,2,100.0,26.79,131,89.31,4.88,0,,,0.8776
TP=55 EDG=-5,653,133,520,119,14,0,89.47,83.11,93.63,5.2,-0.92,11.31,6.9225,133.0,-810.319,88.191,0.661,77.108,2,100.0,26.79,131,89.31,4.88,0,,,0.8776
TP=50 EDG=-5,653,133,520,119,14,0,89.47,83.11,93.63,5.2,-0.92,11.31,6.9225,133.0,-810.319,88.191,0.661,77.108,2,100.0,26.79,131,89.31,4.88,0,,,0.8776
HR20=90 EDG=10,16,3,13,3,0,0,100.0,43.85,100.0,25.19,20.0,33.33,0.7556,3.0,-397.875,95.285,0.441,94.167,0,,,3,100.0,25.19,0,,,
HR20=90 EDG=5,35,6,29,6,0,0,100.0,60.97,100.0,21.11,14.31,27.41,1.2668,6.0,-521.886,93.405,0.459,94.415,0,,,6,100.0,21.11,0,,,
HR20=90 EDG=2.5,56,12,44,11,1,0,91.67,64.61,98.51,6.99,-14.04,20.56,0.839,12.0,-670.821,92.457,0.454,94.68,0,,,12,91.67,6.99,0,,,
HR20=90 EDG=0,89,21,68,20,1,0,95.24,77.33,99.15,5.7,-6.77,13.94,1.1977,21.0,-1213.629,92.694,0.437,94.916,0,,,21,95.24,5.7,0,,,
HR20=90 EDG=-2.5,134,33,101,32,1,0,96.97,84.68,99.46,5.35,-2.58,10.71,1.7671,33.0,-1706.94,92.645,0.421,95.256,0,,,33,96.97,5.35,0,,,
HR20=90 EDG=-5,163,44,119,43,1,0,97.73,88.19,99.6,6.19,0.07,10.48,2.7235,44.0,-1753.233,91.701,0.43,95.186,0,,,44,97.73,6.19,0,,,
HR20=85 EDG=10,30,4,26,4,0,0,100.0,51.01,100.0,26.03,21.11,30.95,1.0413,4.0,-388.167,95.683,0.53,89.972,0,,,4,100.0,26.03,0,,,
HR20=85 EDG=5,57,9,48,9,0,0,100.0,70.08,100.0,19.84,14.67,25.43,1.7858,9.0,-484.211,93.435,0.528,90.981,0,,,9,100.0,19.84,0,,,
HR20=85 EDG=2.5,86,16,70,15,1,0,93.75,71.67,98.89,10.36,-5.38,21.44,1.6584,16.0,-585.733,91.944,0.516,91.465,0,,,16,93.75,10.36,0,,,
HR20=85 EDG=0,129,29,100,27,2,0,93.1,78.04,98.09,4.37,-8.26,13.46,1.267,29.0,-1016.186,91.945,0.489,92.054,0,,,29,93.1,4.37,0,,,
HR20=85 EDG=-2.5,187,43,144,41,2,0,95.35,84.54,98.72,5.75,-2.32,11.96,2.4728,43.0,-1427.417,91.653,0.466,92.541,0,,,43,95.35,5.75,0,,,
HR20=85 EDG=-5,224,60,164,57,3,0,95.0,86.3,98.29,5.71,-0.58,11.59,3.4267,60.0,-1470.839,90.67,0.469,92.617,0,,,60,95.0,5.71,0,,,
HR20=80 EDG=10,71,4,67,4,0,0,100.0,51.01,100.0,26.03,21.11,30.95,1.0413,4.0,-387.366,96.239,0.626,84.214,0,,,4,100.0,26.03,0,,,
HR20=80 EDG=5,118,13,105,13,0,0,100.0,77.19,100.0,23.18,18.23,27.3,3.0137,13.0,-443.661,93.53,0.61,85.404,0,,,13,100.0,23.18,0,,,
HR20=80 EDG=2.5,156,24,132,22,2,0,91.67,74.15,97.68,10.74,-4.78,22.14,2.5778,24.0,-510.231,92.245,0.589,86.482,0,,,24,91.67,10.74,0,,,
HR20=80 EDG=0,211,41,170,38,3,0,92.68,80.57,97.48,6.71,-5.11,15.54,2.7531,41.0,-804.336,91.824,0.555,87.561,0,,,41,92.68,6.71,0,,,
HR20=80 EDG=-2.5,286,56,230,53,3,0,94.64,85.39,98.16,7.13,-1.37,13.37,3.9947,56.0,-1113.301,91.088,0.53,88.417,0,,,56,94.64,7.13,0,,,
HR20=80 EDG=-5,335,75,260,69,6,0,92.0,83.63,96.28,3.93,-3.43,10.71,2.9485,75.0,-1168.946,90.209,0.527,88.668,0,,,75,92.0,3.93,0,,,0.792
HR20=75 EDG=10,103,6,97,6,0,0,100.0,60.97,100.0,26.18,22.46,29.96,1.5709,6.0,-386.097,95.968,0.68,81.351,0,,,6,100.0,26.18,0,,,
HR20=75 EDG=5,156,16,140,16,0,0,100.0,80.64,100.0,23.81,19.67,27.77,3.81,16.0,-428.929,93.642,0.651,82.888,0,,,16,100.0,23.81,0,,,
HR20=75 EDG=2.5,199,28,171,26,2,0,92.86,77.35,98.02,13.1,-0.4,23.17,3.6683,28.0,-482.648,92.343,0.627,84.015,0,,,28,92.86,13.1,0,,,
HR20=75 EDG=0,258,48,210,45,3,0,93.75,83.16,97.85,9.38,-0.92,17.2,4.5011,48.0,-728.124,91.823,0.59,85.294,0,,,48,93.75,9.38,0,,,
HR20=75 EDG=-2.5,340,64,276,60,4,0,93.75,85.0,97.54,7.41,-0.19,13.97,4.7426,64.0,-997.553,90.903,0.564,86.308,0,,,64,93.75,7.41,0,,,
HR20=75 EDG=-5,402,87,315,80,7,0,91.95,84.31,96.05,5.0,-2.22,11.25,4.3488,87.0,-1048.274,89.855,0.559,86.42,0,,,87,91.95,5.0,0,,,0.8192
HR20=70 EDG=10,127,7,120,7,0,0,100.0,64.57,100.0,26.3,23.39,29.55,1.8412,7.0,-384.748,95.494,0.72,79.206,0,,,7,100.0,26.3,0,,,
HR20=70 EDG=5,191,18,173,17,1,0,94.44,74.24,99.01,17.11,1.22,26.36,3.0803,18.0,-422.942,93.317,0.697,80.534,0,,,18,94.44,17.11,0,,,
HR20=70 EDG=2.5,243,34,209,31,3,0,91.18,77.04,96.95,11.32,-2.04,22.17,3.8486,34.0,-468.165,91.971,0.672,81.551,0,,,34,91.18,11.32,0,,,
HR20=70 EDG=0,307,54,253,50,4,0,92.59,82.45,97.08,8.67,-1.21,16.0,4.6814,54.0,-676.638,91.437,0.634,82.934,0,,,54,92.59,8.67,0,,,
HR20=70 EDG=-2.5,401,76,325,71,5,0,93.42,85.51,97.16,8.08,0.66,14.67,6.1379,76.0,-911.623,90.43,0.604,83.926,0,,,76,93.42,8.08,0,,,0.8349
HR20=70 EDG=-5,475,102,373,93,9,0,91.18,84.08,95.29,5.12,-2.63,11.23,5.2258,102.0,-957.425,89.298,0.596,83.997,0,,,102,91.18,5.12,0,,,0.8409
HR20=65 EDG=10,158,9,149,9,0,0,100.0,70.08,100.0,25.74,23.37,28.53,2.3163,9.0,-380.234,95.139,0.733,76.488,0,,,9,100.0,25.74,0,,,
HR20=65 EDG=5,232,23,209,21,2,0,91.3,73.2,97.58,13.44,-3.27,25.05,3.0901,23.0,-413.108,93.059,0.709,77.864,0,,,23,91.3,13.44,0,,,
HR20=65 EDG=2.5,293,39,254,35,4,0,89.74,76.42,95.94,9.89,-2.46,20.93,3.8584,39.0,-451.833,91.669,0.692,78.803,0,,,39,89.74,9.89,0,,,
HR20=65 EDG=0,366,59,307,54,5,0,91.53,81.65,96.33,7.95,-1.44,15.53,4.6912,59.0,-629.26,91.035,0.661,80.113,0,,,59,91.53,7.95,0,,,
HR20=65 EDG=-2.5,465,83,382,77,6,0,92.77,85.11,96.65,8.05,0.46,13.96,6.6779,83.0,-839.428,90.111,0.631,81.388,1,100.0,25.0,82,92.68,7.84,0,,,0.8442
HR20=65 EDG=-5,548,110,438,100,10,0,90.91,84.07,94.99,5.52,-1.38,11.94,6.0688,110.0,-881.381,88.926,0.625,81.537,1,100.0,25.0,109,90.83,5.34,0,,,0.8559
HR20=60 EDG=10,167,9,158,9,0,0,100.0,70.08,100.0,25.74,23.37,28.53,2.3163,9.0,-383.437,95.099,0.746,75.614,0,,,9,100.0,25.74,0,,,
HR20=60 EDG=5,246,23,223,21,2,0,91.3,73.2,97.58,13.44,-3.27,25.05,3.0901,23.0,-412.882,92.925,0.722,76.873,0,,,23,91.3,13.44,0,,,
HR20=60 EDG=2.5,310,39,271,35,4,0,89.74,76.42,95.94,9.89,-2.46,20.93,3.8584,39.0,-449.674,91.53,0.703,77.792,0,,,39,89.74,9.89,0,,,
HR20=60 EDG=0,392,61,331,56,5,0,91.8,82.21,96.45,8.53,-0.05,16.41,5.2049,61.0,-615.99,90.755,0.677,78.815,0,,,61,91.8,8.53,0,,,
HR20=60 EDG=-2.5,499,87,412,81,6,0,93.1,85.76,96.8,8.61,1.6,15.03,7.4915,87.0,-812.533,89.787,0.648,79.989,1,100.0,25.0,86,93.02,8.42,0,,,0.8553
HR20=60 EDG=-5,589,116,473,106,10,0,91.38,84.86,95.25,6.39,-0.95,12.24,7.408,116.0,-857.273,88.633,0.64,80.107,1,100.0,25.0,115,91.3,6.22,0,,,0.8728
HR20=55 EDG=10,173,9,164,9,0,0,100.0,70.08,100.0,25.74,23.37,28.53,2.3163,9.0,-382.867,95.155,0.748,74.899,0,,,9,100.0,25.74,0,,,
HR20=55 EDG=5,252,23,229,21,2,0,91.3,73.2,97.58,13.44,-3.27,25.05,3.0901,23.0,-411.79,93.015,0.723,76.352,0,,,23,91.3,13.44,0,,,
HR20=55 EDG=2.5,319,41,278,36,5,0,87.8,74.46,94.68,7.46,-5.48,19.07,3.0584,41.0,-447.743,91.552,0.706,77.152,0,,,41,87.8,7.46,0,,,
HR20=55 EDG=0,405,64,341,58,6,0,90.62,81.02,95.63,7.2,-1.72,14.52,4.6049,64.0,-608.667,90.693,0.682,78.06,0,,,64,90.62,7.2,0,,,
HR20=55 EDG=-2.5,514,91,423,84,7,0,92.31,84.96,96.22,7.82,0.86,14.13,7.1138,91.0,-800.235,89.72,0.653,79.273,1,100.0,25.0,90,92.22,7.63,0,,,0.8529
HR20=55 EDG=-5,610,120,490,109,11,0,90.83,84.33,94.8,5.86,-0.64,11.79,7.0302,120.0,-841.138,88.469,0.646,79.273,1,100.0,25.0,119,90.76,5.7,0,,,0.873
HR20=50 EDG=10,179,12,167,12,0,0,100.0,75.75,100.0,26.61,24.26,28.82,3.1938,12.0,-381.844,95.072,0.756,74.09,0,,,12,100.0,26.61,0,,,
HR20=50 EDG=5,263,29,234,26,3,0,89.66,73.61,96.42,12.35,-2.76,25.05,3.5811,29.0,-408.555,92.765,0.727,75.284,1,100.0,28.57,28,89.29,11.77,0,,,
HR20=50 EDG=2.5,332,48,284,41,7,0,85.42,72.83,92.75,5.31,-7.62,16.51,2.5494,48.0,-443.13,91.324,0.709,76.13,1,100.0,28.57,47,85.11,4.82,0,,,
HR20=50 EDG=0,421,71,350,63,8,0,88.73,79.31,94.18,5.77,-3.62,13.97,4.0959,71.0,-598.95,90.481,0.686,77.037,1,100.0,28.57,70,88.57,5.44,0,,,
HR20=50 EDG=-2.5,533,99,434,90,9,0,90.91,83.62,95.14,6.94,-0.83,13.79,6.8715,99.0,-784.229,89.499,0.656,78.28,3,100.0,26.75,96,90.62,6.32,0,,,0.855
HR20=50 EDG=-5,632,130,502,117,13,0,90.0,83.64,94.06,5.61,-1.02,11.7,7.2882,130.0,-824.256,88.254,0.648,78.312,3,100.0,26.75,127,89.76,5.11,0,,,0.8842
HR20=90,276,88,188,82,6,0,93.18,85.91,96.84,0.59,-5.83,6.3,0.5209,88.0,-1926.13,86.313,0.438,94.632,0,,,88,93.18,0.59,0,,,0.7764
HR20=85,377,114,263,104,10,0,91.23,84.6,95.17,-0.14,-6.3,5.2,-0.1613,114.0,-1646.745,85.125,0.477,92.376,0,,,114,91.23,-0.14,0,,,0.8048
HR20=80,591,164,427,144,20,0,87.8,81.91,91.97,-2.73,-8.08,2.78,-4.4816,164.0,-1356.494,83.652,0.523,88.237,1,100.0,27.62,163,87.73,-2.92,0,,,0.7952
HR20=75,730,195,535,169,26,0,86.67,81.18,90.74,-2.96,-8.27,2.3,-5.7794,195.0,-1246.244,82.93,0.554,85.814,1,100.0,27.62,194,86.6,-3.12,0,,,0.7788
HR20=70,886,235,651,201,34,0,85.53,80.46,89.46,-3.12,-8.52,1.83,-7.3396,235.0,-1127.219,81.8,0.592,83.168,1,100.0,27.62,234,85.47,-3.25,0,,,0.7629
HR20=65,1021,266,755,224,42,0,84.21,79.35,88.1,-4.07,-9.26,0.89,-10.8394,266.0,-1055.996,81.2,0.616,80.891,4,100.0,27.19,262,83.97,-4.55,0,,,0.7369
HR20=60,1125,284,841,237,47,0,83.45,78.69,87.32,-4.58,-9.82,0.7,-13.0175,284.0,-1014.092,80.435,0.639,79.072,5,100.0,27.09,279,83.15,-5.15,0,,,0.7223
HR20=55,1176,294,882,244,50,0,82.99,78.28,86.86,-4.99,-10.1,-0.14,-14.6816,294.0,-991.144,80.079,0.647,78.084,5,100.0,27.09,289,82.7,-5.55,0,,,0.7125
HR20=50,1262,316,946,261,55,0,82.59,78.03,86.38,-4.66,-9.91,0.48,-14.7134,316.0,-950.719,79.085,0.662,76.249,7,100.0,27.24,309,82.2,-5.38,0,,,0.7108
CV<==0.4,261,87,174,75,12,0,86.21,77.42,91.93,-2.74,-11.9,5.26,-2.3815,87.0,-1401.448,82.328,0.324,80.68,8,75.0,-8.06,79,87.34,-2.2,0,,,0.6944
CV<==0.5,501,171,330,147,24,0,85.96,79.97,90.38,-2.64,-9.29,3.28,-4.5207,171.0,-1389.483,81.69,0.384,78.9,17,70.59,-11.6,154,87.66,-1.66,0,,,0.7731
CV<==0.6,648,212,436,182,30,0,85.85,80.52,89.9,-2.8,-8.18,2.47,-5.9305,212.0,-1341.785,80.719,0.42,77.661,20,70.0,-12.16,192,87.5,-1.82,0,,,0.7701
CV<==0.7,876,271,605,227,44,0,83.76,78.91,87.68,-4.15,-9.3,0.75,-11.2485,271.0,-1157.331,80.122,0.481,74.694,35,71.43,-10.91,236,85.59,-3.15,0,,,0.7305
CV<==0.8,1052,308,744,253,55,0,82.14,77.48,86.02,-5.45,-10.55,-0.78,-16.7823,308.0,-1055.016,79.673,0.528,72.306,47,72.34,-10.65,261,83.91,-4.51,0,,,0.6972
CV<==0.9,1209,346,863,281,65,0,81.21,76.76,84.98,-6.0,-10.35,-1.2,-20.7707,346.0,-990.551,79.151,0.569,69.482,70,71.43,-11.74,276,83.7,-4.55,0,,,0.6801
CV<==1.0,1388,394,994,315,79,0,79.95,75.72,83.61,-6.7,-11.26,-2.19,-26.409,394.0,-923.32,78.72,0.619,67.091,105,72.38,-10.57,289,82.7,-5.3,0,,,0.6574
CV<==1.1,1510,430,1080,340,90,0,79.07,74.98,82.65,-7.18,-12.0,-3.04,-30.8688,430.0,-888.469,78.121,0.653,65.175,127,73.23,-9.04,303,81.52,-6.4,0,,,0.6416
TP=75,873,197,676,178,19,0,90.36,85.43,93.74,2.29,-2.7,6.93,4.5052,197.0,-1092.672,86.413,0.664,75.554,2,100.0,26.79,195,90.26,2.04,0,,,0.8729
TP=70,1038,240,798,208,32,0,86.67,81.78,90.39,-1.08,-6.28,3.9,-2.6025,240.0,-1018.531,84.215,0.677,74.165,4,75.0,-4.46,236,86.86,-1.03,0,,,0.7976
TP=65,1175,275,900,236,39,0,85.82,81.2,89.45,-1.48,-6.49,2.89,-4.0733,275.0,-974.741,82.362,0.69,73.388,5,80.0,1.78,270,85.93,-1.54,0,,,0.7829
TP=60,1294,299,995,250,49,0,83.61,78.99,87.38,-3.64,-8.65,1.16,-10.8959,299.0,-935.842,80.754,0.711,72.082,6,83.33,6.38,293,83.62,-3.85,0,,,0.7337
TP=55,1376,327,1049,266,61,0,81.35,76.77,85.19,-5.77,-10.55,-0.82,-18.8625,327.0,-907.009,79.638,0.726,70.796,10,80.0,2.91,317,81.39,-6.04,0,,,0.6842
TP=50,1433,342,1091,277,65,0,80.99,76.5,84.8,-5.84,-10.79,-1.26,-19.9737,342.0,-887.076,79.046,0.738,69.636,20,75.0,-3.44,322,81.37,-5.99,0,,,0.679
EDG=10,252,47,205,39,8,0,82.98,69.86,91.11,5.08,-8.46,18.63,2.3873,47.0,-385.929,89.63,0.845,56.905,35,77.14,-2.3,12,100.0,26.61,0,,,
EDG=5,394,87,307,71,16,0,81.61,72.19,88.35,2.73,-7.72,12.43,2.3729,87.0,-415.647,87.256,0.873,55.177,58,77.59,-2.07,29,89.66,12.33,0,,,0.6916
EDG=2.5,504,129,375,105,24,0,81.4,73.81,87.17,0.8,-8.53,8.83,1.0339,129.0,-472.401,86.439,0.861,55.469,79,79.75,-1.05,50,84.0,3.73,0,,,0.7272
EDG=0,644,165,479,136,29,0,82.42,75.9,87.47,0.12,-6.58,7.42,0.2053,165.0,-639.39,86.109,0.864,55.744,92,78.26,-3.48,73,87.67,4.67,0,,,0.7565
EDG=-2.5,806,209,597,176,33,0,84.21,78.66,88.53,1.4,-4.66,7.23,2.9201,209.0,-777.7,85.643,0.846,57.249,110,79.09,-2.5,99,89.9,5.73,0,,,0.7916
EDG=-5,951,258,693,216,42,0,83.72,78.73,87.73,0.6,-5.12,6.03,1.5504,258.0,-807.958,84.839,0.84,57.625,127,77.95,-3.81,131,89.31,4.88,0,,,0.7775
BK=1,2162,584,1578,461,123,0,78.94,75.45,82.05,-5.71,-9.98,-1.34,-33.3333,584.0,-817.438,77.11,0.91,53.758,262,75.95,-5.36,322,81.37,-5.99,0,,,0.6546
BK=2,898,315,583,262,53,0,83.17,78.65,86.9,-3.59,-8.7,1.37,-11.3093,315.0,-1157.16,77.087,0.663,66.625,40,80.0,1.84,275,83.64,-4.38,0,,,0.7287
BK=3,747,285,462,239,46,0,83.86,79.14,87.68,-3.44,-8.56,1.33,-9.7903,285.0,-1267.189,77.456,0.58,75.2,14,85.71,10.79,271,83.76,-4.17,0,,,0.7389
BK=4,601,227,374,186,41,0,81.94,76.42,86.4,-3.33,-9.32,2.48,-7.5593,227.0,-803.799,75.489,0.581,73.276,12,83.33,7.72,215,81.86,-3.95,0,,,0.716
BK=5,480,184,296,149,35,0,80.98,74.7,85.99,-2.8,-9.66,4.15,-5.1484,184.0,-636.798,74.017,0.575,71.405,11,81.82,5.39,173,80.92,-3.32,0,,,0.7092
